,Concurso,Data Sorteio,Coluna 1,Coluna 2,Coluna 3,Coluna 4,Coluna 5,Coluna 6,Coluna 7,Ganhadores 7 acertos ,Cidade / UF,Rateio 7 acertos,Ganhadores 6 acertos,Rateio 6 acertos,Ganhadores 5 acertos,Rateio 5 acertos,Ganhadores 4 acertos,Rateio 4 acertos,Ganhadores 3 acertos,Rateio 3 acertos,Acumulado 7 acertos,Arrecadação Total,Estimativa Prêmio,Observação
0,1,02/10/2020,2,9,9,8,7,7,6,0,,"R$0,00",12,"R$16.916,44",272,"R$1.066,16",4330,"R$66,97",41129,"R$5,00","R$744.334,69","R$4.934.145,00","R$1.100.000,00","Os valores apresentados no link Locais da Sorte do Super Sete correspondem aos prêmios brutos, sem o desconto do imposto de renda sobre prêmios."
1,2,05/10/2020,8,8,1,5,6,7,7,0,,"R$0,00",4,"R$22.234,57",157,"R$809,26",2308,"R$55,04",21215,"R$5,00","R$1.070.457,92","R$2.198.630,00","R$1.400.000,00","Os valores apresentados no link Locais da Sorte do Super Sete correspondem aos prêmios brutos, sem o desconto do imposto de renda sobre prêmios."
2,3,07/10/2020,7,2,6,6,5,4,4,1,SALVADOR/BA,"R$1.430.638,83",5,"R$19.645,81",227,"R$618,18",2642,"R$53,11",23324,"R$5,00","R$0,00","R$2.427.070,00","R$300.000,00","Os valores apresentados no link Locais da Sorte do Super Sete correspondem aos prêmios brutos, sem o desconto do imposto de renda sobre prêmios."
3,4,09/10/2020,5,7,8,1,8,2,5,0,,"R$0,00",2,"R$45.610,79",139,"R$937,52",2031,"R$64,16",18493,"R$5,00","R$334.485,24","R$2.217.397,50","R$700.000,00","Os valores apresentados no link Locais da Sorte do Super Sete correspondem aos prêmios brutos, sem o desconto do imposto de renda sobre prêmios."
4,5,14/10/2020,6,4,0,1,0,6,9,0,,"R$0,00",7,"R$16.107,14",132,"R$1.220,23",2288,"R$70,39",22005,"R$5,00","R$747.915,95","R$2.730.875,00","R$1.200.000,00","Os valores apresentados no link Locais da Sorte do Super Sete correspondem aos prêmios brutos, sem o desconto do imposto de renda sobre prêmios."
5,6,16/10/2020,5,7,3,3,4,1,1,0,,"R$0,00",6,"R$15.270,32",181,"R$723,14",2303,"R$56,83",20941,"R$5,00","R$1.083.869,13","R$2.254.427,50","R$1.500.000,00","Os valores apresentados no link Locais da Sorte do Super Sete correspondem aos prêmios brutos, sem o desconto do imposto de renda sobre prêmios."
6,7,19/10/2020,0,7,7,6,4,4,9,0,,"R$0,00",10,"R$8.448,44",164,"R$735,92",2254,"R$53,54",21719,"R$5,00","R$1.393.655,45","R$2.106.595,00","R$1.750.000,00",
7,8,21/10/2020,7,0,9,2,0,2,5,0,,"R$0,00",2,"R$45.499,32",99,"R$1.313,11",1661,"R$78,26",16179,"R$5,00","R$1.727.322,94","R$2.185.810,00","R$2.100.000,00",
8,9,23/10/2020,8,6,2,0,2,6,7,0,,"R$0,00",5,"R$19.528,27",132,"R$1.056,72",2151,"R$64,84",19665,"R$5,00","R$2.085.353,34","R$2.371.955,00","R$2.500.000,00",
9,10,26/10/2020,8,9,9,2,9,6,5,0,,"R$0,00",1,"R$91.701,37",88,"R$1.488,65",1722,"R$76,07",18476,"R$5,00","R$2.421.598,82","R$2.227.742,50","R$2.800.000,00",
10,11,28/10/2020,6,0,7,5,6,0,9,0,,"R$0,00",3,"R$29.954,24",102,"R$1.258,58",2036,"R$63,05",19284,"R$5,00","R$2.751.099,40","R$2.196.667,50","R$3.200.000,00",
11,12,30/10/2020,3,0,3,2,8,9,0,0,,"R$0,00",1,"R$95.986,67",159,"R$862,41",2167,"R$63,27",20672,"R$5,00","R$3.103.063,39","R$2.347.217,50","R$3.600.000,00",
12,13,04/11/2020,3,9,9,7,4,6,0,0,,"R$0,00",8,"R$15.250,25",222,"R$785,08",2987,"R$58,34",28292,"R$5,00","R$3.550.423,55","R$3.006.652,50","R$4.000.000,00",
13,14,06/11/2020,7,4,0,9,4,7,4,0,,"R$0,00",4,"R$25.581,46",120,"R$1.218,16",2096,"R$69,74",20458,"R$5,00","R$3.925.621,89","R$2.484.017,50","R$4.400.000,00",
14,15,09/11/2020,3,6,8,1,7,9,9,0,,"R$0,00",7,"R$14.579,70",237,"R$615,17",2938,"R$49,62",24803,"R$5,00","R$4.299.845,01","R$2.528.247,50","R$4.800.000,00",
15,16,11/11/2020,5,7,2,6,9,4,4,0,,"R$0,00",11,"R$9.573,66",183,"R$822,09",2724,"R$55,22",24580,"R$5,00","R$4.685.999,92","R$2.597.127,50","R$5.100.000,00",
16,17,13/11/2020,3,8,2,3,5,8,6,0,,"R$0,00",4,"R$28.531,96",211,"R$772,70",2883,"R$56,55",26444,"R$5,00","R$5.104.472,85","R$2.812.345,00","R$5.500.000,00",
17,18,16/11/2020,3,8,2,4,8,6,8,0,,"R$0,00",7,"R$14.500,67",228,"R$635,99",2762,"R$52,50",25160,"R$5,00","R$5.476.658,44","R$2.520.210,00","R$6.000.000,00",
18,19,18/11/2020,0,0,0,1,4,3,3,1,MINACU/GO,"R$5.847.953,50",4,"R$25.315,32",172,"R$841,04",2326,"R$62,19",21812,"R$5,00","R$0,00","R$2.476.247,50","R$350.000,00",
19,20,20/11/2020,4,9,3,9,8,1,3,0,,"R$0,00",0,"R$0,00",60,"R$1.326,21",989,"R$80,45",10053,"R$5,00","R$259.942,53","R$1.339.675,00","R$500.000,00",
20,21,23/11/2020,7,8,7,9,9,8,8,0,,"R$0,00",4,"R$13.487,65",100,"R$770,72",1316,"R$58,56",11435,"R$5,00","R$457.766,54","R$1.317.162,50","R$800.000,00",
21,22,25/11/2020,8,2,1,1,8,9,4,0,,"R$0,00",2,"R$28.744,71",73,"R$1.125,03",1148,"R$71,53",11825,"R$5,00","R$668.569,30","R$1.399.407,50","R$900.000,00",
22,23,27/11/2020,0,7,5,5,4,7,0,0,,"R$0,00",1,"R$58.185,40",89,"R$933,95",1559,"R$53,31",15123,"R$5,00","R$881.924,31","R$1.452.737,50","R$1.200.000,00",
23,24,30/11/2020,6,9,5,9,2,1,5,0,,"R$0,00",2,"R$30.251,81",67,"R$1.290,05",1164,"R$74,25",11642,"R$5,00","R$1.103.775,84","R$1.463.517,50","R$1.500.000,00",
24,25,02/12/2020,8,4,8,9,5,0,8,0,,"R$0,00",2,"R$30.991,80",63,"R$1.405,52",1221,"R$72,52",12022,"R$5,00","R$1.331.049,91","R$1.500.415,00","R$1.600.000,00",
25,26,04/12/2020,9,5,2,1,5,9,0,0,,"R$0,00",2,"R$31.929,23",82,"R$1.112,51",1387,"R$65,77",13751,"R$5,00","R$1.565.200,38","R$1.561.547,50","R$1.800.000,00",
26,27,07/12/2020,7,9,8,6,1,1,6,0,,"R$0,00",2,"R$30.541,31",77,"R$1.133,25",1178,"R$74,07",11495,"R$5,00","R$1.789.174,90","R$1.474.542,50","R$2.000.000,00",
27,28,09/12/2020,3,3,4,6,9,6,3,0,,"R$0,00",4,"R$14.858,76",86,"R$987,29",1587,"R$53,50",14420,"R$5,00","R$2.007.105,31","R$1.472.082,50","R$2.300.000,00",
28,29,11/12/2020,5,0,7,2,9,9,0,1,SANTA BARBARA D'OESTE/SP,"R$2.245.237,82",8,"R$8.117,97",108,"R$859,04",1801,"R$51,51",14862,"R$5,00","R$0,00","R$1.598.205,00","R$250.000,00",
29,30,14/12/2020,2,1,1,6,8,6,7,0,,"R$0,00",5,"R$8.922,31",85,"R$749,77",1164,"R$54,75",11089,"R$5,00","R$163.577,20","R$1.107.997,50","R$400.000,00",
30,31,16/12/2020,4,1,5,5,3,5,6,0,,"R$0,00",4,"R$10.696,54",68,"R$898,86",1033,"R$59,17",10164,"R$5,00","R$320.460,43","R$1.057.225,00","R$500.000,00",
31,32,18/12/2020,6,2,9,0,9,7,8,1,BAMBUI/MG,"R$477.339,24",0,"R$0,00",60,"R$1.018,68",938,"R$65,16",8975,"R$5,00","R$42.784,84","R$1.043.482,50","R$200.000,00",
32,33,21/12/2020,1,8,3,6,2,2,2,0,,"R$0,00",2,"R$19.133,08",71,"R$769,94",1046,"R$52,26",9189,"R$5,00","R$183.095,67","R$946.677,50","R$400.000,00",
33,34,23/12/2020,4,1,0,5,2,3,6,0,,"R$0,00",3,"R$13.258,28",68,"R$835,60",1056,"R$53,80",8363,"R$5,00","R$328.942,85","R$970.295,00","R$450.000,00",
34,35,26/12/2020,4,4,7,6,0,4,2,0,,"R$0,00",2,"R$14.981,64",41,"R$1.044,01",623,"R$68,70",6230,"R$5,00","R$438.811,64","R$730.137,50","R$500.000,00",
35,36,28/12/2020,9,5,1,6,0,8,1,0,,"R$0,00",4,"R$7.120,45",33,"R$1.232,97",556,"R$73,18",5433,"R$5,00","R$543.245,29","R$688.397,50","R$700.000,00",
36,37,30/12/2020,0,7,8,3,6,2,4,0,,"R$0,00",3,"R$12.352,75",46,"R$1.150,87",794,"R$66,67",7820,"R$5,00","R$679.128,86","R$904.350,00","R$800.000,00",
37,38,04/01/2021,9,2,2,6,2,5,5,0,,"R$0,00",0,"R$0,00",53,"R$1.103,68",890,"R$65,72",9075,"R$5,00","R$870.215,93","R$1.004.250,00","R$1.000.000,00",
38,39,06/01/2021,9,1,2,7,6,8,5,0,,"R$0,00",2,"R$21.311,67",48,"R$1.268,55",965,"R$63,09",9559,"R$5,00","R$1.026.507,54","R$1.046.670,00","R$1.200.000,00",
39,40,08/01/2021,1,1,9,0,4,4,4,1,DIADEMA/SP,"R$1.186.424,47",10,"R$4.361,21",96,"R$648,99",1116,"R$55,82",9610,"R$5,00","R$0,00","R$1.068.982,50","R$200.000,00",
40,41,11/01/2021,3,3,7,5,0,2,1,1,EUNAPOLIS/BA,"R$124.747,77",3,"R$11.340,54",55,"R$883,67",883,"R$55,04",7721,"R$5,00","R$0,00","R$836.495,00","R$200.000,00",
41,42,13/01/2021,5,8,4,3,5,1,7,0,,"R$0,00",1,"R$33.215,21",59,"R$804,24",713,"R$66,55",7305,"R$5,00","R$121.789,32","R$813.980,00","R$250.000,00",
42,43,15/01/2021,8,1,4,4,6,4,7,0,,"R$0,00",2,"R$17.442,47",51,"R$977,16",879,"R$56,69",7795,"R$5,00","R$249.704,70","R$856.315,00","R$350.000,00",
43,44,18/01/2021,3,5,9,8,2,5,3,1,IJUI/RS,"R$377.245,52",4,"R$8.695,70",54,"R$920,17",823,"R$60,37",7296,"R$5,00","R$0,00","R$848.315,00","R$150.000,00",
44,45,20/01/2021,1,7,1,7,9,4,7,0,,"R$0,00",2,"R$13.895,16",58,"R$684,49",834,"R$47,60",7794,"R$5,00","R$101.899,28","R$700.437,50","R$300.000,00",
45,46,22/01/2021,9,3,7,3,6,5,2,0,,"R$0,00",1,"R$32.270,39",47,"R$980,86",856,"R$53,85",7181,"R$5,00","R$220.227,61","R$791.792,50","R$350.000,00",
46,47,25/01/2021,7,9,8,0,0,8,1,0,,"R$0,00",1,"R$31.183,48",44,"R$1.012,45",591,"R$75,37",5743,"R$5,00","R$334.569,93","R$751.327,50","R$450.000,00",
47,48,27/01/2021,4,0,3,0,7,9,1,0,,"R$0,00",2,"R$16.104,86",42,"R$1.095,56",676,"R$68,06",6531,"R$5,00","R$452.676,23","R$782.962,50","R$500.000,00",
48,49,29/01/2021,4,0,3,8,8,0,4,0,,"R$0,00",1,"R$32.706,05",42,"R$1.112,45",579,"R$80,69",6116,"R$5,00","R$572.600,82","R$789.080,00","R$700.000,00",
49,50,01/02/2021,0,4,5,8,6,0,6,0,,"R$0,00",1,"R$35.460,83",31,"R$1.634,13",786,"R$64,45",7502,"R$5,00","R$702.624,51","R$865.587,50","R$800.000,00",
50,51,03/02/2021,5,4,1,3,4,2,8,0,,"R$0,00",2,"R$17.229,94",55,"R$895,06",743,"R$66,25",7605,"R$5,00","R$828.980,72","R$844.785,00","R$950.000,00",
51,52,05/02/2021,5,1,3,9,8,0,0,0,,"R$0,00",2,"R$19.020,00",52,"R$1.045,05",916,"R$59,32",8191,"R$5,00","R$968.464,85","R$930.197,50","R$1.100.000,00",
52,53,08/02/2021,9,1,2,9,7,4,9,0,,"R$0,00",3,"R$13.487,25",49,"R$1.179,64",986,"R$58,62",9542,"R$5,00","R$1.116.826,94","R$998.985,00","R$1.250.000,00",
53,54,10/02/2021,2,0,2,1,3,8,2,0,,"R$0,00",0,"R$0,00",83,"R$705,39",1120,"R$52,27",9763,"R$5,00","R$1.308.087,69","R$1.012.997,50","R$1.500.000,00",
54,55,12/02/2021,5,2,3,9,3,8,4,0,,"R$0,00",2,"R$20.924,27",55,"R$1.086,97",949,"R$62,99",9107,"R$5,00","R$1.461.536,85","R$1.024.435,00","R$1.600.000,00",
55,56,17/02/2021,6,8,7,5,1,7,3,0,,"R$0,00",3,"R$14.988,63",73,"R$879,95",1081,"R$59,42",10061,"R$5,00","R$1.626.414,96","R$1.103.925,00","R$1.800.000,00",
56,57,19/02/2021,1,9,5,5,9,4,9,0,,"R$0,00",1,"R$38.661,85",68,"R$812,22",1164,"R$47,44",10701,"R$5,00","R$1.768.183,02","R$972.810,00","R$1.900.000,00",
57,58,22/02/2021,4,0,3,9,5,2,3,0,,"R$0,00",0,"R$0,00",78,"R$753,58",998,"R$58,89",8503,"R$5,00","R$1.960.200,97","R$1.002.025,00","R$2.100.000,00",
58,59,24/02/2021,2,8,9,2,3,4,9,0,,"R$0,00",4,"R$9.790,62",59,"R$948,24",890,"R$62,86",8619,"R$5,00","R$2.103.797,69","R$959.795,00","R$2.250.000,00",
59,60,26/02/2021,1,2,1,6,6,9,5,0,,"R$0,00",1,"R$39.165,80",86,"R$650,59",1151,"R$48,61",10278,"R$5,00","R$2.247.406,61","R$979.002,50","R$2.400.000,00",
60,61,01/03/2021,8,7,5,2,3,3,9,0,,"R$0,00",2,"R$20.485,64",63,"R$929,05",1057,"R$55,37",9523,"R$5,00","R$2.397.637,84","R$1.009.960,00","R$2.550.000,00",
61,62,03/03/2021,3,3,3,0,4,7,8,0,,"R$0,00",4,"R$10.626,32",79,"R$768,63",1428,"R$42,52",10681,"R$5,00","R$2.553.492,81","R$1.057.017,50","R$2.700.000,00",
62,63,05/03/2021,2,6,8,7,1,5,4,0,,"R$0,00",6,"R$8.177,61",70,"R$1.001,34",1262,"R$55,54",11038,"R$5,00","R$2.733.402,11","R$1.205.265,00","R$2.850.000,00",
63,64,08/03/2021,6,1,3,5,1,9,4,0,,"R$0,00",1,"R$44.331,41",64,"R$989,54",1083,"R$58,47",9785,"R$5,00","R$2.895.955,92","R$1.086.802,50","R$3.000.000,00",
64,65,10/03/2021,9,3,3,7,2,3,6,0,,"R$0,00",6,"R$7.327,71",88,"R$713,73",1182,"R$53,13",9801,"R$5,00","R$3.057.172,58","R$1.078.965,00","R$3.200.000,00",
65,66,12/03/2021,8,6,8,9,9,5,0,0,,"R$0,00",1,"R$46.327,60",56,"R$1.181,82",1055,"R$62,73",9154,"R$5,00","R$3.227.042,20","R$1.123.380,00","R$3.400.000,00",
66,67,15/03/2021,3,3,7,1,3,2,1,0,,"R$0,00",6,"R$7.415,52",125,"R$508,49",1144,"R$55,56",11074,"R$5,00","R$3.390.184,56","R$1.105.222,50","R$3.500.000,00",
67,68,17/03/2021,4,2,6,5,8,4,5,0,,"R$0,00",4,"R$10.594,74",63,"R$960,97",985,"R$61,46",9084,"R$5,00","R$3.545.576,53","R$1.035.822,50","R$3.700.000,00",
68,69,19/03/2021,0,1,0,5,5,3,6,0,,"R$0,00",2,"R$23.748,13",117,"R$579,92",1292,"R$52,51",11980,"R$5,00","R$3.719.736,48","R$1.181.650,00","R$3.900.000,00",
69,70,22/03/2021,8,5,1,8,4,6,4,0,,"R$0,00",1,"R$49.967,01",74,"R$964,61",1052,"R$67,85",10338,"R$5,00","R$3.902.951,31","R$1.216.992,50","R$4.000.000,00",
70,71,24/03/2021,1,2,4,6,7,1,6,0,,"R$0,00",3,"R$17.100,47",119,"R$615,86",1428,"R$51,32",12731,"R$5,00","R$4.091.058,78","R$1.273.910,00","R$4.200.000,00",
71,72,26/03/2021,1,4,1,5,8,2,5,0,,"R$0,00",3,"R$17.303,55",109,"R$680,34",1488,"R$49,83",13398,"R$5,00","R$4.281.406,23","R$1.294.987,50","R$4.400.000,00",
72,73,29/03/2021,4,6,2,2,5,7,0,0,,"R$0,00",5,"R$9.811,35",94,"R$745,54",1230,"R$56,97",11153,"R$5,00","R$4.461.286,86","R$1.206.395,00","R$4.500.000,00",
73,74,31/03/2021,4,2,2,4,8,8,4,0,,"R$0,00",4,"R$12.670,28",98,"R$738,79",1206,"R$60,03",11755,"R$5,00","R$4.647.121,57","R$1.249.025,00","R$4.800.000,00",
74,75,05/04/2021,3,8,6,9,2,8,8,0,,"R$0,00",2,"R$34.931,61",91,"R$1.096,75",1680,"R$59,40",14941,"R$5,00","R$4.903.295,80","R$1.707.195,00","R$5.100.000,00",
75,76,07/04/2021,1,2,3,7,1,9,7,0,,"R$0,00",3,"R$21.186,66",151,"R$601,32",2890,"R$31,41",18065,"R$5,00","R$5.136.367,01","R$1.604.747,50","R$5.300.000,00",
76,77,09/04/2021,4,9,5,8,4,4,7,0,,"R$0,00",2,"R$34.506,79",96,"R$1.026,98",1631,"R$60,44",15214,"R$5,00","R$5.389.426,56","R$1.691.677,50","R$5.600.000,00",
77,78,12/04/2021,9,2,3,6,7,7,4,0,,"R$0,00",3,"R$21.514,85",93,"R$991,46",1802,"R$51,16",16259,"R$5,00","R$5.626.101,65","R$1.605.547,50","R$5.800.000,00",
78,79,14/04/2021,6,2,3,3,2,9,0,0,,"R$0,00",5,"R$12.788,34",103,"R$886,84",1853,"R$49,29",15152,"R$5,00","R$5.860.562,65","R$1.579.535,00","R$6.000.000,00",
79,80,16/04/2021,9,6,9,4,5,9,0,0,,"R$0,00",3,"R$23.718,58",88,"R$1.155,12",1558,"R$65,24",14854,"R$5,00","R$6.121.472,36","R$1.734.587,50","R$6.300.000,00",
80,81,19/04/2021,2,9,5,7,5,5,9,0,,"R$0,00",4,"R$17.308,86",118,"R$838,20",1925,"R$51,38",17796,"R$5,00","R$6.375.336,65","R$1.726.332,50","R$6.600.000,00",
81,82,23/04/2021,5,9,3,3,6,6,7,0,,"R$0,00",4,"R$30.142,47",219,"R$786,49",3166,"R$54,40",30359,"R$5,00","R$6.817.435,76","R$2.999.030,00","R$7.000.000,00",
82,83,26/04/2021,4,9,5,0,4,8,7,0,,"R$0,00",4,"R$22.580,07",247,"R$522,38",2084,"R$61,91",19199,"R$5,00","R$7.148.616,98","R$2.205.740,00","R$7.400.000,00",
83,84,28/04/2021,3,8,6,3,1,5,2,0,,"R$0,00",7,"R$12.589,88",174,"R$723,55",2181,"R$57,72",19536,"R$5,00","R$7.471.765,75","R$2.161.487,50","R$7.700.000,00",
84,85,30/04/2021,6,2,4,8,5,0,7,1,CAUCAIA/CE,"R$7.786.502,83",5,"R$17.166,97",134,"R$915,08",2226,"R$55,08",20323,"R$5,00","R$0,00","R$2.120.160,00","R$150.000,00",
85,86,03/05/2021,1,2,2,6,6,9,5,0,,"R$0,00",30,"R$1.304,60",85,"R$460,44",976,"R$40,10",7876,"R$5,00","R$100.455,34","R$692.735,00","R$200.000,00",
86,87,05/05/2021,1,0,9,8,1,2,5,0,,"R$0,00",0,"R$0,00",30,"R$1.431,41",679,"R$63,24",6208,"R$5,00","R$240.735,16","R$732.000,00","R$400.000,00",
87,88,07/05/2021,1,0,8,9,4,9,6,0,,"R$0,00",4,"R$7.840,74",33,"R$1.357,70",709,"R$63,19",6717,"R$5,00","R$355.734,59","R$766.505,00","R$500.000,00",
88,89,10/05/2021,2,6,6,2,1,4,3,0,,"R$0,00",1,"R$30.900,40",48,"R$919,65",776,"R$56,88",6963,"R$5,00","R$469.039,41","R$759.180,00","R$600.000,00",
89,90,12/05/2021,4,0,1,1,2,7,4,0,,"R$0,00",1,"R$29.642,02",53,"R$798,97",714,"R$59,30",6677,"R$5,00","R$577.730,88","R$728.235,00","R$700.000,00",
90,91,14/05/2021,0,4,9,5,1,7,9,0,,"R$0,00",4,"R$7.652,31",70,"R$624,67",826,"R$52,93",7665,"R$5,00","R$689.970,25","R$760.880,00","R$800.000,00",
91,92,17/05/2021,3,2,6,7,4,1,5,0,,"R$0,00",3,"R$10.515,31",69,"R$653,12",952,"R$47,33",7369,"R$5,00","R$805.644,17","R$778.045,00","R$900.000,00","As Loterias CAIXA informam que o sorteio do concurso nº 93 do Super Sete previsto para às 15h de hoje (19/05) será realizado às 20h, com transmissão ao vivo nos perfis da CAIXA no YouTube e Facebook."
92,93,19/05/2021,9,4,6,0,3,7,8,0,,"R$0,00",2,"R$15.063,56",46,"R$935,62",672,"R$64,04",6170,"R$5,00","R$916.113,17","R$733.045,00","R$1.100.000,00",
93,94,21/05/2021,1,9,7,6,0,1,0,0,,"R$0,00",0,"R$0,00",60,"R$753,02",908,"R$49,75",7702,"R$5,00","R$1.063.712,13","R$783.667,50","R$1.200.000,00",
94,95,24/05/2021,1,6,6,2,5,1,7,0,,"R$0,00",1,"R$31.911,37",77,"R$592,04",916,"R$49,76",8814,"R$5,00","R$1.180.726,15","R$802.740,00","R$1.300.000,00",
95,96,26/05/2021,8,1,5,8,8,6,8,0,,"R$0,00",1,"R$30.682,46",37,"R$1.184,65",759,"R$57,74",6023,"R$5,00","R$1.293.233,74","R$743.550,00","R$1.500.000,00",
96,97,28/05/2021,8,2,5,0,5,0,2,0,,"R$0,00",5,"R$6.412,98",77,"R$594,89",727,"R$63,00",6209,"R$5,00","R$1.410.809,75","R$776.067,50","R$1.600.000,00",
97,98,31/05/2021,4,1,7,7,4,3,3,0,,"R$0,00",0,"R$0,00",59,"R$806,93",757,"R$62,89",7166,"R$5,00","R$1.566.334,26","R$814.820,00","R$1.700.000,00",
98,99,02/06/2021,8,5,2,2,5,4,2,0,,"R$0,00",1,"R$36.948,85",56,"R$942,57",884,"R$59,71",8383,"R$5,00","R$1.701.813,75","R$908.440,00","R$1.900.000,00",
99,100,04/06/2021,7,5,8,3,8,4,0,0,,"R$0,00",1,"R$33.349,82",54,"R$882,27",801,"R$59,47",6549,"R$5,00","R$1.824.101,40","R$808.217,50","R$2.000.000,00",
100,101,07/06/2021,8,5,1,4,7,3,7,0,,"R$0,00",1,"R$39.349,02",59,"R$952,76",909,"R$61,84",8930,"R$5,00","R$1.968.381,41","R$967.480,00","R$2.200.000,00",
101,102,09/06/2021,8,7,1,9,9,4,1,0,,"R$0,00",0,"R$0,00",71,"R$736,40",954,"R$54,80",7914,"R$5,00","R$2.139.181,84","R$895.350,00","R$2.300.000,00",
102,103,11/06/2021,7,2,2,5,9,5,8,0,,"R$0,00",1,"R$37.192,85",70,"R$759,03",943,"R$56,34",9005,"R$5,00","R$2.275.558,85","R$920.975,00","R$2.400.000,00",
103,104,14/06/2021,8,1,0,8,1,9,2,0,,"R$0,00",4,"R$9.562,56",70,"R$780,61",969,"R$56,39",8130,"R$5,00","R$2.415.810,84","R$934.112,50","R$2.600.000,00","As Loterias CAIXA informam que o sorteio do concurso nº 105 do Super Sete, previsto para às 15h de hoje (16/06), ainda não foi realizado devido a problemas operacionais, mas será transmitido ao vivo nos perfis da CAIXA no YouTube e Facebook. Acompanhe!"
104,105,16/06/2021,1,3,6,8,3,6,7,0,,"R$0,00",5,"R$7.933,62",65,"R$871,82",1147,"R$49,40",10953,"R$5,00","R$2.561.265,45","R$997.822,50","R$2.700.000,00",
105,106,18/06/2021,4,0,1,9,6,7,9,0,,"R$0,00",1,"R$42.386,54",58,"R$1.044,00",1062,"R$57,01",9844,"R$5,00","R$2.716.688,19","R$1.044.755,00","R$2.900.000,00",
106,107,21/06/2021,3,9,8,8,5,5,4,0,,"R$0,00",2,"R$22.677,20",58,"R$1.117,10",1045,"R$62,00",9751,"R$5,00","R$2.882.989,19","R$1.108.885,00","R$3.100.000,00",
107,108,23/06/2021,0,5,5,6,9,9,6,0,,"R$0,00",3,"R$14.522,86",53,"R$1.174,35",1002,"R$62,11",9750,"R$5,00","R$3.042.745,54","R$1.069.640,00","R$3.200.000,00",
108,109,25/06/2021,0,1,8,1,6,4,0,1,GOIANIA/GO,"R$3.195.629,79",10,"R$4.169,55",89,"R$669,26",986,"R$60,41",9129,"R$5,00","R$0,00","R$1.021.325,00","R$150.000,00",A CAIXA INFORMA QUE A APOSTA GANHADORA FOI REALIZADA NO CANAL ELETRÔNICO
109,110,28/06/2021,7,0,4,1,3,9,4,0,,"R$0,00",1,"R$24.843,63",44,"R$806,61",549,"R$64,64",5017,"R$5,00","R$91.095,80","R$603.670,00","R$200.000,00",
110,111,30/06/2021,2,1,0,6,9,4,0,0,,"R$0,00",2,"R$11.409,59",64,"R$509,35",755,"R$43,17",6077,"R$5,00","R$174.770,30","R$571.420,00","R$300.000,00",
111,112,02/07/2021,4,3,0,2,3,0,9,0,,"R$0,00",4,"R$6.413,10",38,"R$964,37",566,"R$64,74",5660,"R$5,00","R$268.831,72","R$628.855,00","R$400.000,00",
112,113,05/07/2021,7,5,8,3,7,2,8,0,,"R$0,00",0,"R$0,00",52,"R$736,04",693,"R$55,23",5956,"R$5,00","R$393.862,51","R$657.310,00","R$700.000,00",
113,114,07/07/2021,1,2,7,0,9,3,9,0,,"R$0,00",0,"R$0,00",47,"R$826,81",732,"R$53,08",7067,"R$5,00","R$520.811,28","R$679.135,00","R$750.000,00",
114,115,09/07/2021,6,0,9,1,2,5,7,0,,"R$0,00",2,"R$13.550,91",42,"R$921,83",628,"R$61,65",5922,"R$5,00","R$620.185,16","R$663.720,00","R$800.000,00",
115,116,12/07/2021,5,0,0,3,3,3,6,0,,"R$0,00",2,"R$14.495,35",37,"R$1.119,33",637,"R$65,01",6163,"R$5,00","R$726.487,19","R$707.997,50","R$850.000,00",
116,117,14/07/2021,2,1,7,7,1,8,2,0,,"R$0,00",1,"R$27.880,35",39,"R$1.021,25",655,"R$60,80",6511,"R$5,00","R$828.718,94","R$687.617,50","R$1.000.000,00",
117,118,16/07/2021,2,5,2,6,5,3,1,0,,"R$0,00",0,"R$0,00",53,"R$801,01",774,"R$54,84",7133,"R$5,00","R$967.407,20","R$735.157,50","R$1.100.000,00",
118,119,19/07/2021,3,3,8,2,8,0,3,0,,"R$0,00",1,"R$32.681,95",35,"R$1.333,95",690,"R$67,66",7025,"R$5,00","R$1.087.243,36","R$799.035,00","R$1.200.000,00",
119,120,21/07/2021,6,6,5,6,0,4,4,0,,"R$0,00",0,"R$0,00",42,"R$1.074,80",708,"R$63,75",6603,"R$5,00","R$1.234.711,06","R$770.380,00","R$1.400.000,00",
120,121,23/07/2021,7,4,5,7,8,7,2,0,,"R$0,00",0,"R$0,00",53,"R$876,27",791,"R$58,71",7526,"R$5,00","R$1.386.425,26","R$801.030,00","R$1.500.000,00",
121,122,26/07/2021,3,5,8,8,4,3,0,0,,"R$0,00",0,"R$0,00",54,"R$905,05",893,"R$54,72",7720,"R$5,00","R$1.546.083,38","R$840.647,50","R$1.700.000,00","As Loterias CAIXA informam que o sorteio do concurso nº 123 do Super Sete previsto para às 15h de hoje (28/07) será realizado às 20h, com transmissão ao vivo nos perfis da CAIXA no YouTube e Facebook."
122,123,28/07/2021,4,8,3,6,9,0,3,0,,"R$0,00",2,"R$16.529,46",44,"R$1.073,34",668,"R$70,69",7032,"R$5,00","R$1.667.303,72","R$807.397,50","R$1.800.000,00",
123,124,30/07/2021,0,8,2,9,9,6,0,0,,"R$0,00",3,"R$11.937,61",65,"R$787,09",881,"R$58,07",7901,"R$5,00","R$1.798.618,62","R$877.922,50","R$2.000.000,00",
124,125,02/08/2021,2,1,7,3,5,2,5,0,,"R$0,00",3,"R$12.699,94",67,"R$812,36",1086,"R$50,11",9189,"R$5,00","R$1.938.324,20","R$943.022,50","R$2.100.000,00",
125,126,04/08/2021,7,9,5,2,8,1,4,0,,"R$0,00",4,"R$8.923,53",57,"R$894,59",808,"R$63,10",7565,"R$5,00","R$2.069.207,54","R$871.440,00","R$2.200.000,00",
126,127,06/08/2021,3,6,9,2,7,8,7,0,,"R$0,00",1,"R$35.945,24",55,"R$933,64",925,"R$55,51",8387,"R$5,00","R$2.201.009,40","R$886.437,50","R$2.400.000,00",
127,128,09/08/2021,5,5,4,7,8,4,5,0,,"R$0,00",2,"R$18.111,24",54,"R$958,26",928,"R$55,76",7883,"R$5,00","R$2.333.826,17","R$886.715,00","R$2.600.000,00",
128,129,11/08/2021,4,6,1,4,1,1,7,0,,"R$0,00",0,"R$0,00",46,"R$1.129,01",874,"R$59,42",8246,"R$5,00","R$2.503.481,50","R$893.800,00","R$2.700.000,00",
129,130,13/08/2021,9,0,6,0,6,7,2,0,,"R$0,00",3,"R$12.588,64",55,"R$980,93",817,"R$66,03",7165,"R$5,00","R$2.641.960,05","R$912.342,50","R$2.800.000,00",
130,131,16/08/2021,0,2,0,2,9,8,0,0,,"R$0,00",2,"R$19.524,19",91,"R$613,00",1080,"R$51,65",10017,"R$5,00","R$2.785.138,70","R$973.412,50","R$2.900.000,00",
131,132,18/08/2021,9,2,7,1,0,5,1,1,BERNARDO SAYAO/TO,"R$2.918.679,64",4,"R$9.104,83",67,"R$776,53",838,"R$62,08",8098,"R$5,00","R$0,00","R$893.520,00","R$150.000,00",
132,133,20/08/2021,1,2,4,4,0,7,2,0,,"R$0,00",0,"R$0,00",37,"R$843,73",685,"R$45,57",5915,"R$5,00","R$101.981,79","R$548.320,00","R$200.000,00",
133,134,23/08/2021,5,3,5,5,8,7,7,0,,"R$0,00",1,"R$21.941,04",46,"R$681,39",646,"R$48,52",5888,"R$5,00","R$182.432,82","R$549.947,50","R$300.000,00",
134,135,25/08/2021,1,2,2,0,6,7,1,0,,"R$0,00",1,"R$21.010,48",45,"R$666,99",699,"R$42,93",5677,"R$5,00","R$259.476,40","R$527.070,00","R$400.000,00",
135,136,27/08/2021,4,5,5,8,2,4,8,0,,"R$0,00",2,"R$11.076,80",46,"R$687,99",544,"R$58,17",4832,"R$5,00","R$340.709,05","R$542.437,50","R$500.000,00",
136,137,30/08/2021,0,6,3,6,7,1,1,0,,"R$0,00",0,"R$0,00",37,"R$1.227,03",753,"R$60,29",7013,"R$5,00","R$489.018,72","R$779.087,50","R$600.000,00",
137,138,01/09/2021,7,7,0,6,6,0,7,0,,"R$0,00",0,"R$0,00",46,"R$951,80",635,"R$68,94",6530,"R$5,00","R$632.046,73","R$748.640,00","R$800.000,00",
138,139,03/09/2021,1,6,7,4,2,4,7,0,,"R$0,00",4,"R$7.955,17",55,"R$826,51",943,"R$48,20",8532,"R$5,00","R$748.726,48","R$797.495,00","R$900.000,00",
139,140,06/09/2021,1,1,9,9,7,8,9,0,,"R$0,00",0,"R$0,00",70,"R$701,34",1060,"R$46,31",8798,"R$5,00","R$909.103,89","R$856.477,50","R$1.000.000,00",
140,141,08/09/2021,7,2,4,7,3,1,2,0,,"R$0,00",2,"R$12.487,95",40,"R$891,99",533,"R$66,94",5559,"R$5,00","R$1.000.682,97","R$612.827,50","R$1.100.000,00",
141,142,10/09/2021,3,1,9,9,8,8,3,0,,"R$0,00",0,"R$0,00",43,"R$1.065,23",771,"R$59,41",6686,"R$5,00","R$1.150.314,04","R$781.542,50","R$1.300.000,00",
142,143,13/09/2021,2,2,5,7,8,1,1,0,,"R$0,00",2,"R$14.777,61",44,"R$959,58",871,"R$48,47",7361,"R$5,00","R$1.258.686,40","R$734.217,50","R$1.400.000,00",
143,144,15/09/2021,0,1,0,0,9,9,7,0,,"R$0,00",3,"R$9.924,69",60,"R$708,90",958,"R$44,39",8016,"R$5,00","R$1.367.864,31","R$746.580,00","R$1.500.000,00",
144,145,17/09/2021,5,7,1,9,2,4,8,0,,"R$0,00",5,"R$6.655,13",79,"R$601,72",847,"R$56,12",7137,"R$5,00","R$1.489.877,65","R$813.370,00","R$1.600.000,00",
145,146,20/09/2021,0,0,5,5,0,7,4,0,,"R$0,00",2,"R$19.004,31",56,"R$969,60",934,"R$58,13",8831,"R$5,00","R$1.629.246,09","R$936.890,00","R$1.800.000,00",
146,147,22/09/2021,7,5,9,4,1,0,2,0,,"R$0,00",4,"R$10.124,66",59,"R$980,59",855,"R$67,66",7998,"R$5,00","R$1.777.745,68","R$981.987,50","R$1.900.000,00",
147,148,24/09/2021,2,5,4,0,0,6,9,0,,"R$0,00",3,"R$12.503,15",70,"R$765,49",961,"R$55,75",8788,"R$5,00","R$1.915.287,18","R$925.427,50","R$2.000.000,00",
148,149,27/09/2021,4,0,5,2,0,8,3,0,,"R$0,00",0,"R$0,00",61,"R$895,77",894,"R$61,12",8206,"R$5,00","R$2.093.786,06","R$934.975,00","R$2.200.000,00",
149,150,29/09/2021,2,5,6,6,1,6,5,0,,"R$0,00",0,"R$0,00",83,"R$680,21",948,"R$59,55",8866,"R$5,00","R$2.278.217,22","R$970.505,00","R$2.500.000,00",
150,151,01/10/2021,3,4,5,5,0,2,3,0,,"R$0,00",2,"R$20.504,93",60,"R$976,42",1133,"R$51,70",9743,"R$5,00","R$2.428.593,49","R$1.013.345,00","R$2.600.000,00",
151,152,04/10/2021,5,9,2,6,1,5,3,0,,"R$0,00",4,"R$11.067,10",74,"R$854,60",1004,"R$62,98",9273,"R$5,00","R$2.590.917,07","R$1.079.512,50","R$2.700.000,00",
152,153,06/10/2021,4,0,2,1,8,7,3,0,,"R$0,00",7,"R$6.308,31",89,"R$708,79",1304,"R$48,37",10668,"R$5,00","R$2.752.836,67","R$1.093.180,00","R$2.900.000,00",
153,154,08/10/2021,4,5,2,1,0,7,7,1,CRUZ ALTA/RS,"R$2.933.853,33",12,"R$4.113,97",122,"R$578,07",1634,"R$43,16",11775,"R$5,00","R$0,00","R$1.220.400,00","R$200.000,00",
154,155,11/10/2021,0,3,6,2,8,2,2,0,,"R$0,00",2,"R$14.080,72",60,"R$670,51",695,"R$57,88",6105,"R$5,00","R$103.261,46","R$689.110,00","R$250.000,00",
155,156,13/10/2021,7,0,6,4,7,1,4,0,,"R$0,00",1,"R$20.093,55",29,"R$989,83",442,"R$64,94",3959,"R$5,00","R$176.938,95","R$487.110,00","R$300.000,00",
156,157,15/10/2021,0,4,8,9,9,3,8,1,RIO DO FOGO/RN,"R$269.799,02",2,"R$12.662,27",23,"R$1.572,95",521,"R$69,43",5139,"R$5,00","R$0,00","R$615.642,50","R$100.000,00",
157,158,18/10/2021,5,7,8,7,1,6,8,0,,"R$0,00",1,"R$21.346,55",23,"R$1.325,87",449,"R$67,91",4513,"R$5,00","R$78.273,14","R$521.027,50","R$200.000,00",
158,159,20/10/2021,8,3,0,4,6,0,4,0,,"R$0,00",3,"R$7.360,41",31,"R$1.017,56",463,"R$68,13",4521,"R$5,00","R$159.237,99","R$537.260,00","R$250.000,00",
159,160,22/10/2021,5,8,2,9,9,7,2,0,,"R$0,00",3,"R$7.847,00",24,"R$1.401,24",524,"R$64,17",4915,"R$5,00","R$245.558,49","R$573.875,00","R$300.000,00",
160,161,25/10/2021,5,4,0,6,0,7,5,0,,"R$0,00",2,"R$11.895,73",40,"R$849,69",596,"R$57,02",5239,"R$5,00","R$332.796,71","R$583.115,00","R$400.000,00",
161,162,27/10/2021,8,3,2,0,3,3,8,0,,"R$0,00",2,"R$11.003,81",25,"R$1.257,57",500,"R$62,87",4589,"R$5,00","R$523.306,38","R$536.427,50","R$500.000,00",
162,163,29/10/2021,0,8,3,4,9,9,7,0,,"R$0,00",0,"R$0,00",33,"R$1.018,64",732,"R$45,92",6215,"R$5,00","R$523.306,38","R$588.645,00","R$600.000,00",
163,164,01/11/2021,2,9,5,2,1,2,0,0,,"R$0,00",1,"R$28.232,43",36,"R$1.120,33",688,"R$58,62",6705,"R$5,00","R$626.826,44","R$697.590,00","R$700.000,00",
164,165,03/11/2021,3,6,4,3,4,4,3,0,,"R$0,00",1,"R$20.429,34",30,"R$972,82",524,"R$55,69",4709,"R$5,00","R$701.736,36","R$503.137,50","R$800.000,00",
165,166,05/11/2021,7,9,9,7,2,2,9,0,,"R$0,00",0,"R$0,00",42,"R$908,00",583,"R$65,41",5677,"R$5,00","R$826.315,86","R$651.962,50","R$900.000,00",
166,167,08/11/2021,2,9,1,3,5,0,9,0,,"R$0,00",1,"R$27.342,37",48,"R$813,76",759,"R$51,46",6755,"R$5,00","R$926.572,92","R$678.612,50","R$1.000.000,00",
167,168,10/11/2021,2,3,7,9,9,1,8,0,,"R$0,00",5,"R$5.470,69",57,"R$685,55",740,"R$52,80",6570,"R$5,00","R$1.026.872,07","R$676.722,50","R$1.100.000,00",
168,169,12/11/2021,3,5,3,6,5,1,8,0,,"R$0,00",0,"R$0,00",59,"R$681,45",735,"R$54,70",6723,"R$5,00","R$1.158.211,73","R$695.855,00","R$1.200.000,00",
169,170,17/11/2021,7,5,5,9,2,0,2,0,,"R$0,00",3,"R$11.550,54",60,"R$825,03",750,"R$66,00",7168,"R$5,00","R$1.285.269,75","R$843.957,50","R$1.400.000,00",
170,171,19/11/2021,9,3,3,9,7,5,4,0,,"R$0,00",1,"R$29.298,74",61,"R$686,15",753,"R$55,58",6383,"R$5,00","R$1.392.701,13","R$717.302,50","R$1.500.000,00",
171,172,22/11/2021,0,9,2,4,5,1,9,0,,"R$0,00",4,"R$7.116,54",51,"R$797,37",828,"R$49,11",7202,"R$5,00","R$1.497.079,15","R$708.457,50","R$1.600.000,00",
172,173,24/11/2021,7,2,2,2,0,4,5,0,,"R$0,00",1,"R$26.759,90",35,"R$1.092,24",623,"R$61,36",5850,"R$5,00","R$1.595.199,58","R$655.377,50","R$1.700.000,00",
173,174,26/11/2021,8,8,2,9,9,0,7,0,,"R$0,00",1,"R$28.039,61",62,"R$646,07",753,"R$53,19",6018,"R$5,00","R$1.698.014,81","R$685.430,00","R$1.800.000,00",
174,175,29/11/2021,1,8,2,4,8,4,7,0,,"R$0,00",3,"R$8.999,39",45,"R$857,08",806,"R$47,85",7674,"R$5,00","R$1.797.009,37","R$681.650,00","R$1.900.000,00",
175,176,01/12/2021,5,1,0,2,7,1,1,0,,"R$0,00",3,"R$9.633,10",42,"R$982,96",689,"R$59,91",6615,"R$5,00","R$1.902.978,37","R$711.202,50","R$2.000.000,00",
176,177,03/12/2021,4,6,9,8,8,3,6,0,,"R$0,00",0,"R$0,00",53,"R$900,50",699,"R$68,27",6728,"R$5,00","R$2.058.889,74","R$811.575,00","R$2.200.000,00",
177,178,06/12/2021,9,7,5,5,7,4,8,0,,"R$0,00",6,"R$5.416,43",59,"R$786,89",802,"R$57,88",7544,"R$5,00","R$2.178.055,97","R$800.992,50","R$2.300.000,00",
178,179,08/12/2021,9,3,2,8,5,3,5,0,,"R$0,00",1,"R$31.728,17",55,"R$824,10",707,"R$64,11",6591,"R$5,00","R$2.294.393,02","R$773.075,00","R$2.400.000,00",
179,180,10/12/2021,4,4,9,4,3,4,6,0,,"R$0,00",0,"R$0,00",32,"R$1.441,53",711,"R$64,87",6557,"R$5,00","R$2.445.086,32","R$785.035,00","R$2.500.000,00",
180,181,13/12/2021,3,4,7,4,3,6,9,0,,"R$0,00",2,"R$15.837,15",61,"R$741,78",877,"R$51,59",7915,"R$5,00","R$2.561.228,88","R$787.162,50","R$2.600.000,00",
181,182,15/12/2021,3,1,9,4,9,4,2,0,,"R$0,00",1,"R$34.926,22",56,"R$890,97",826,"R$60,40",7929,"R$5,00","R$2.689.294,86","R$858.767,50","R$2.800.000,00",
182,183,17/12/2021,6,5,8,0,7,3,9,0,,"R$0,00",3,"R$11.163,11",44,"R$1.087,31",798,"R$59,95",7033,"R$5,00","R$2.812.090,51","R$816.865,00","R$2.900.000,00",
183,184,20/12/2021,7,9,7,2,2,5,3,0,,"R$0,00",1,"R$36.223,74",70,"R$739,26",804,"R$64,36",7886,"R$5,00","R$2.944.912,85","R$886.777,50","R$3.000.000,00",
184,185,22/12/2021,2,3,6,7,2,4,6,0,,"R$0,00",1,"R$40.078,77",75,"R$763,40",1126,"R$50,84",9657,"R$5,00","R$3.091.875,29","R$991.897,50","R$3.200.000,00",
185,186,24/12/2021,5,2,8,3,8,3,0,0,,"R$0,00",2,"R$19.645,84",61,"R$920,17",876,"R$64,07",8485,"R$5,00","R$3.235.949,13","R$961.087,50","R$3.300.000,00",
186,187,27/12/2021,0,8,1,5,5,8,1,0,,"R$0,00",3,"R$12.318,87",63,"R$838,01",909,"R$58,08",8694,"R$5,00","R$3.371.457,32","R$912.197,50","R$3.500.000,00",
187,188,29/12/2021,1,0,2,7,6,1,5,0,,"R$0,00",2,"R$22.148,41",75,"R$843,74",1150,"R$55,02",10634,"R$5,00","R$3.533.885,18","R$1.095.835,00","R$3.600.000,00",
188,189,31/12/2021,0,9,8,1,0,2,5,0,,"R$0,00",1,"R$41.420,79",69,"R$857,57",985,"R$60,07",8597,"R$5,00","R$3.685.764,09","R$1.009.155,00","R$3.800.000,00",
189,190,03/01/2022,2,9,8,0,0,7,5,0,,"R$0,00",3,"R$13.653,42",60,"R$975,24",1070,"R$54,68",8651,"R$5,00","R$3.835.956,77","R$999.660,00","R$3.900.000,00",
190,191,05/01/2022,6,4,1,9,6,0,9,0,,"R$0,00",5,"R$10.872,63",93,"R$835,07",1357,"R$57,23",11561,"R$5,00","R$4.035.288,81","R$1.327.680,00","R$4.200.000,00",
191,192,07/01/2022,0,9,6,1,9,6,7,0,,"R$0,00",8,"R$7.347,53",139,"R$604,11",1714,"R$48,99",14501,"R$5,00","R$4.250.819,00","R$1.458.632,50","R$4.500.000,00",
192,193,10/01/2022,7,2,1,3,2,0,0,0,,"R$0,00",3,"R$19.224,08",93,"R$885,90",1609,"R$51,20",13377,"R$5,00","R$4.462.289,70","R$1.421.325,00","R$4.700.000,00",
193,194,12/01/2022,0,0,3,7,6,3,9,0,,"R$0,00",7,"R$7.503,72",84,"R$893,30",1497,"R$50,12",12682,"R$5,00","R$4.654.890,73","R$1.300.250,00","R$4.800.000,00",
194,195,14/01/2022,9,1,8,6,5,8,6,0,,"R$0,00",1,"R$72.474,81",104,"R$995,53",1559,"R$66,41",15014,"R$5,00","R$4.920.633,52","R$1.765.412,50","R$5.000.000,00",
195,196,17/01/2022,7,3,9,3,2,4,4,0,,"R$0,00",6,"R$10.892,07",83,"R$1.124,82",1506,"R$61,99",14752,"R$5,00","R$5.160.262,10","R$1.605.915,00","R$5.300.000,00",
196,197,19/01/2022,7,1,1,0,8,1,9,0,,"R$0,00",1,"R$67.971,43",102,"R$951,98",1551,"R$62,60",14556,"R$5,00","R$5.409.497,34","R$1.661.192,50","R$5.600.000,00",A CAIXA informa que a publicação do resultado do concurso 198 do Super Sete sofreu atraso devido a problemas tecnológicos. A área de TI está atuando para correção. Assista ao sorteio no perfil da CAIXA no YouTube.
197,198,22/01/2022,3,9,7,0,4,0,9,1,GOIANIA/GO,"R$5.683.706,05",4,"R$18.695,60",104,"R$1.027,23",1701,"R$62,80",16103,"R$5,00","R$0,00","R$1.828.670,00","R$100.000,00",
198,199,24/01/2022,2,7,8,8,0,9,4,0,,"R$0,00",1,"R$27.466,46",45,"R$871,95",730,"R$53,75",6003,"R$5,00","R$100.710,57","R$672.665,00","R$200.000,00",
199,200,26/01/2022,6,8,3,5,9,8,1,0,,"R$0,00",2,"R$10.988,43",39,"R$805,01",485,"R$64,73",4622,"R$5,00","R$181.293,51","R$536.132,50","R$300.000,00",
200,201,28/01/2022,1,6,3,2,3,8,8,0,,"R$0,00",1,"R$22.054,16",39,"R$807,84",647,"R$48,69",5526,"R$5,00","R$262.161,35","R$548.257,50","R$400.000,00",
201,202,31/01/2022,8,3,9,7,5,9,2,0,,"R$0,00",2,"R$11.959,11",43,"R$794,62",584,"R$58,50",4975,"R$5,00","R$349.865,12","R$582.855,00","R$500.000,00",
202,203,02/02/2022,9,0,4,6,2,8,7,0,,"R$0,00",2,"R$11.345,74",35,"R$926,18",570,"R$56,87",4891,"R$5,00","R$433.067,64","R$554.935,00","R$600.000,00",
203,204,04/02/2022,2,6,5,1,2,3,2,1,LAGES/SC,"R$524.851,68",0,"R$0,00",33,"R$1.083,59",703,"R$50,86",6021,"R$5,00","R$25.031,15","R$619.370,00","R$100.000,00",
204,205,07/02/2022,5,7,3,9,9,0,0,0,,"R$0,00",0,"R$0,00",40,"R$786,61",566,"R$55,59",4653,"R$5,00","R$127.816,88","R$537.555,00","R$200.000,00",
205,206,09/02/2022,3,9,6,9,3,4,6,0,,"R$0,00",0,"R$0,00",21,"R$1.410,46",423,"R$70,02",4386,"R$5,00","R$224.575,99","R$506.102,50","R$300.000,00",
206,207,11/02/2022,1,8,4,9,2,2,2,0,,"R$0,00",4,"R$5.551,10",27,"R$1.174,83",605,"R$52,43",5185,"R$5,00","R$305.992,51","R$547.625,00","R$400.000,00",
207,208,14/02/2022,9,8,2,1,1,2,9,0,,"R$0,00",0,"R$0,00",29,"R$1.141,83",545,"R$60,75",4972,"R$5,00","R$414.165,45","R$566.585,00","R$500.000,00",
208,209,16/02/2022,6,6,3,7,6,3,7,0,,"R$0,00",1,"R$21.680,15",27,"R$1.147,09",474,"R$65,34",4701,"R$5,00","R$493.659,80","R$530.525,00","R$600.000,00",
209,210,18/02/2022,3,6,2,9,6,7,5,0,,"R$0,00",0,"R$0,00",37,"R$877,53",601,"R$54,02",5321,"R$5,00","R$599.726,47","R$560.700,00","R$700.000,00",
210,211,21/02/2022,4,6,7,7,0,9,4,0,,"R$0,00",1,"R$23.445,19",35,"R$956,94",523,"R$64,04",4944,"R$5,00","R$685.692,47","R$572.105,00","R$800.000,00",
211,212,23/02/2022,3,1,3,5,6,5,7,0,,"R$0,00",3,"R$7.951,16",63,"R$540,89",727,"R$46,87",6228,"R$5,00","R$773.156,90","R$595.885,00","R$900.000,00",
212,213,25/02/2022,4,1,4,6,9,2,9,0,,"R$0,00",1,"R$24.832,05",43,"R$824,98",562,"R$63,12",5745,"R$5,00","R$864.208,55","R$611.812,50","R$1.000.000,00",
213,214,02/03/2022,1,2,5,6,8,6,6,0,,"R$0,00",1,"R$27.318,69",75,"R$520,35",811,"R$48,12",7526,"R$5,00","R$964.378,36","R$686.985,00","R$1.100.000,00",
214,215,04/03/2022,3,6,7,7,3,5,9,0,,"R$0,00",2,"R$13.832,19",52,"R$760,01",795,"R$49,71",6620,"R$5,00","R$1.065.815,24","R$684.130,00","R$1.200.000,00",
215,216,07/03/2022,0,1,3,6,6,3,9,0,,"R$0,00",4,"R$7.100,04",98,"R$413,99",992,"R$40,89",7800,"R$5,00","R$1.169.955,83","R$713.905,00","R$1.300.000,00",
216,217,09/03/2022,9,8,7,8,3,5,0,0,,"R$0,00",2,"R$13.948,87",40,"R$996,34",657,"R$60,66",6218,"R$5,00","R$1.272.247,99","R$684.620,00","R$1.400.000,00",
217,218,11/03/2022,6,1,6,9,9,7,6,0,,"R$0,00",3,"R$9.489,18",30,"R$1.355,59",651,"R$62,46",6188,"R$5,00","R$1.376.633,72","R$696.792,50","R$1.500.000,00",
218,219,14/03/2022,3,3,7,8,5,8,6,0,,"R$0,00",5,"R$5.670,61",37,"R$1.094,71",697,"R$58,11",6695,"R$5,00","R$1.480.596,24","R$700.125,00","R$1.600.000,00",
219,220,16/03/2022,8,8,4,6,7,3,6,1,LINHARES/ES,"R$1.579.986,69",1,"R$27.105,61",38,"R$1.019,00",600,"R$64,53",5757,"R$5,00","R$0,00","R$661.900,00","R$100.000,00",
220,221,18/03/2022,5,4,7,6,8,0,3,0,,"R$0,00",0,"R$0,00",24,"R$1.114,56",400,"R$66,87",3892,"R$5,00","R$87.383,41","R$456.265,00","R$200.000,00",
221,222,21/03/2022,0,8,5,2,6,1,4,0,,"R$0,00",0,"R$0,00",47,"R$594,81",504,"R$55,46",4257,"R$5,00","R$178.710,77","R$479.032,50","R$300.000,00",
222,223,23/03/2022,5,1,8,1,0,3,8,0,,"R$0,00",0,"R$0,00",21,"R$1.252,25",392,"R$67,08",3578,"R$5,00","R$264.616,82","R$445.687,50","R$400.000,00",
223,224,25/03/2022,5,4,4,2,1,5,4,0,,"R$0,00",1,"R$18.773,16",36,"R$744,96",487,"R$55,06",4090,"R$5,00","R$333.455,12","R$459.612,50","R$500.000,00",
224,225,28/03/2022,8,0,0,7,0,4,2,0,,"R$0,00",2,"R$10.113,49",30,"R$963,18",390,"R$74,09",3849,"R$5,00","R$407.621,30","R$488.772,50","R$600.000,00",
225,226,30/03/2022,2,0,4,7,6,0,8,0,,"R$0,00",0,"R$0,00",41,"R$676,85",557,"R$49,82",4524,"R$5,00","R$498.276,54","R$478.957,50","R$650.000,00",
226,227,01/04/2022,5,6,2,7,6,8,7,1,BRASILIA/DF,"R$578.267,92",1,"R$21.815,31",40,"R$779,11",504,"R$61,83",4879,"R$5,00","R$0,00","R$535.547,50","R$100.000,00",
227,228,04/04/2022,7,2,2,3,8,8,9,0,,"R$0,00",2,"R$9.398,16",46,"R$583,73",528,"R$50,85",4710,"R$5,00","R$68.922,26","R$467.272,50","R$200.000,00",
228,229,06/04/2022,8,6,4,4,4,3,9,0,,"R$0,00",0,"R$0,00",31,"R$841,19",399,"R$65,35",4048,"R$5,00","R$154.109,57","R$447.722,50","R$300.000,00",
229,230,08/04/2022,8,6,1,6,2,5,1,0,,"R$0,00",1,"R$19.782,26",18,"R$1.570,02",388,"R$72,83",4123,"R$5,00","R$226.646,14","R$482.162,50","R$400.000,00",
230,231,13/04/2022,4,4,8,2,8,0,7,0,,"R$0,00",1,"R$30.563,66",40,"R$1.091,55",669,"R$65,26",6587,"R$5,00","R$338.715,51","R$747.445,00","R$500.000,00",
231,232,18/04/2022,1,0,8,5,4,7,6,0,,"R$0,00",2,"R$12.428,53",46,"R$771,95",619,"R$57,36",5959,"R$5,00","R$429.861,25","R$614.830,00","R$550.000,00",
232,233,20/04/2022,0,2,7,4,4,2,4,0,,"R$0,00",1,"R$21.964,54",40,"R$784,44",497,"R$63,13",5214,"R$5,00","R$510.399,75","R$542.690,00","R$600.000,00",
233,234,22/04/2022,1,8,8,8,9,6,7,0,,"R$0,00",2,"R$9.337,93",34,"R$784,70",580,"R$45,99",5107,"R$5,00","R$578.881,84","R$469.205,00","R$700.000,00",
234,235,25/04/2022,9,7,6,2,3,5,6,0,,"R$0,00",1,"R$22.332,64",35,"R$911,53",493,"R$64,71",4934,"R$5,00","R$660.769,58","R$547.547,50","R$750.000,00",
235,236,27/04/2022,7,0,7,2,9,4,3,0,,"R$0,00",3,"R$7.513,51",25,"R$1.288,03",500,"R$64,40",5027,"R$5,00","R$743.418,79","R$553.187,50","R$850.000,00",
236,237,29/04/2022,6,2,7,6,3,2,7,0,,"R$0,00",1,"R$24.549,70",42,"R$835,02",568,"R$61,74",5527,"R$5,00","R$833.436,35","R$603.095,00","R$900.000,00",
237,238,02/05/2022,2,0,9,0,1,2,3,0,,"R$0,00",0,"R$0,00",42,"R$896,22",607,"R$62,01",5537,"R$5,00","R$956.399,39","R$642.740,00","R$1.000.000,00",
238,239,04/05/2022,3,3,1,5,8,1,2,0,,"R$0,00",2,"R$12.475,31",34,"R$1.048,34",625,"R$57,02",5786,"R$5,00","R$1.047.889,41","R$614.890,00","R$1.100.000,00",
239,240,06/05/2022,2,5,1,9,4,7,7,0,,"R$0,00",4,"R$6.583,25",57,"R$659,97",870,"R$43,23",7107,"R$5,00","R$1.144.450,00","R$660.497,50","R$1.200.000,00",
240,241,09/05/2022,2,4,9,8,3,6,1,0,,"R$0,00",1,"R$28.160,26",53,"R$759,03",792,"R$50,79",6707,"R$5,00","R$1.247.706,81","R$696.027,50","R$1.300.000,00",
241,242,11/05/2022,6,1,6,9,3,4,1,0,,"R$0,00",4,"R$6.878,44",24,"R$1.637,72",559,"R$70,31",5417,"R$5,00","R$1.348.592,04","R$666.945,00","R$1.400.000,00",
242,243,13/05/2022,9,9,5,7,0,9,0,0,,"R$0,00",3,"R$8.996,26",47,"R$820,32",690,"R$55,87",6123,"R$5,00","R$1.447.554,78","R$663.555,00","R$1.500.000,00",
243,244,16/05/2022,6,5,5,5,3,9,7,0,,"R$0,00",0,"R$0,00",37,"R$1.069,30",657,"R$60,21",6117,"R$5,00","R$1.576.802,39","R$679.000,00","R$1.600.000,00",
244,245,18/05/2022,6,7,9,0,2,1,7,0,,"R$0,00",0,"R$0,00",39,"R$928,57",545,"R$66,44",5226,"R$5,00","R$1.695.105,42","R$617.205,00","R$1.800.000,00",
245,246,20/05/2022,4,9,0,5,4,9,3,0,,"R$0,00",1,"R$29.558,16",35,"R$1.206,45",589,"R$71,69",5831,"R$5,00","R$1.803.485,84","R$716.635,00","R$1.900.000,00",
246,247,23/05/2022,0,9,9,5,0,5,5,0,,"R$0,00",0,"R$0,00",31,"R$1.357,39",635,"R$66,26",6040,"R$5,00","R$1.940.947,07","R$716.787,50","R$2.000.000,00",
247,248,25/05/2022,9,2,4,6,3,1,4,0,,"R$0,00",2,"R$13.461,02",48,"R$801,25",757,"R$50,80",5873,"R$5,00","R$2.039.664,37","R$659.205,00","R$2.100.000,00",
248,249,27/05/2022,8,7,6,7,8,2,4,0,,"R$0,00",2,"R$14.180,02",29,"R$1.397,04",585,"R$69,25",5697,"R$5,00","R$2.143.653,54","R$688.767,50","R$2.250.000,00",
249,250,30/05/2022,0,7,4,1,5,7,8,0,,"R$0,00",2,"R$14.917,00",46,"R$926,52",877,"R$48,59",7467,"R$5,00","R$2.253.049,59","R$741.565,00","R$2.350.000,00",
250,251,01/06/2022,7,6,9,9,2,2,0,0,,"R$0,00",0,"R$0,00",40,"R$1.114,74",733,"R$60,83",6445,"R$5,00","R$2.398.711,49","R$760.072,50","R$2.500.000,00",
251,252,03/06/2022,0,4,7,0,7,5,4,0,,"R$0,00",3,"R$12.480,97",55,"R$972,54",838,"R$63,83",7857,"R$5,00","R$2.536.002,52","R$913.227,50","R$2.600.000,00",
252,253,06/06/2022,7,0,8,8,3,7,5,0,,"R$0,00",1,"R$34.220,49",48,"R$1.018,46",699,"R$69,93",6933,"R$5,00","R$2.661.481,65","R$831.775,00","R$2.800.000,00",
253,254,08/06/2022,8,3,8,9,4,2,0,0,,"R$0,00",1,"R$32.439,25",43,"R$1.077,71",727,"R$63,74",6940,"R$5,00","R$2.780.427,68","R$792.722,50","R$2.900.000,00",
254,255,10/06/2022,4,7,0,6,1,9,8,0,,"R$0,00",2,"R$16.113,35",77,"R$597,89",961,"R$47,90",7735,"R$5,00","R$2.898.597,05","R$797.222,50","R$3.000.000,00",
255,256,13/06/2022,7,7,0,9,4,9,3,0,,"R$0,00",0,"R$0,00",52,"R$874,25",732,"R$62,10",6739,"R$5,00","R$3.047.106,73","R$776.862,50","R$3.200.000,00",
256,257,15/06/2022,1,0,6,0,0,5,5,0,,"R$0,00",1,"R$31.759,26",50,"R$907,40",802,"R$56,57",7231,"R$5,00","R$3.163.558,51","R$781.140,00","R$3.300.000,00",
257,258,17/06/2022,2,9,7,0,7,7,1,0,,"R$0,00",2,"R$16.575,66",45,"R$1.052,42",871,"R$54,37",7661,"R$5,00","R$3.285.115,38","R$816.682,50","R$3.400.000,00",
258,259,20/06/2022,1,8,1,9,5,0,3,0,,"R$0,00",2,"R$19.245,31",55,"R$999,75",1017,"R$54,06",9524,"R$5,00","R$3.426.253,21","R$955.472,50","R$3.500.000,00",
259,260,22/06/2022,6,6,0,9,4,4,2,0,,"R$0,00",1,"R$36.040,95",44,"R$1.170,16",749,"R$68,74",7383,"R$5,00","R$3.558.403,96","R$876.960,00","R$3.700.000,00",
260,261,24/06/2022,2,5,0,1,9,3,3,0,,"R$0,00",6,"R$5.738,54",87,"R$565,37",1371,"R$35,87",9979,"R$5,00","R$3.684.658,81","R$871.537,50","R$3.800.000,00",
261,262,27/06/2022,2,8,8,7,0,8,3,0,,"R$0,00",1,"R$40.484,01",52,"R$1.112,19",897,"R$64,47",8713,"R$5,00","R$3.833.103,82","R$989.912,50","R$4.000.000,00",
262,263,29/06/2022,6,7,3,0,8,9,8,0,,"R$0,00",2,"R$20.869,07",60,"R$993,76",890,"R$66,99",8599,"R$5,00","R$3.986.147,21","R$1.016.150,00","R$4.100.000,00",
263,264,01/07/2022,3,7,4,8,0,4,1,0,,"R$0,00",1,"R$43.009,01",57,"R$1.077,91",966,"R$63,60",9288,"R$5,00","R$4.143.849,99","R$1.052.017,50","R$4.300.000,00",
264,265,04/07/2022,9,6,5,0,2,1,6,0,,"R$0,00",1,"R$48.237,48",103,"R$669,03",1120,"R$61,52",9940,"R$5,00","R$4.320.726,96","R$1.174.405,00","R$4.500.000,00",
265,266,06/07/2022,8,7,9,3,6,6,5,0,,"R$0,00",2,"R$21.643,29",74,"R$835,64",1028,"R$60,15",8973,"R$5,00","R$4.479.447,51","R$1.054.482,50","R$4.600.000,00",
266,267,08/07/2022,4,9,9,7,4,0,2,0,,"R$0,00",2,"R$31.066,20",78,"R$1.137,95",1327,"R$66,88",12715,"R$5,00","R$4.707.274,25","R$1.511.677,50","R$5.000.000,00",
267,268,11/07/2022,6,5,4,5,3,8,6,0,,"R$0,00",2,"R$25.564,07",74,"R$987,02",1222,"R$59,77",11295,"R$5,00","R$4.894.745,44","R$1.253.540,00","R$5.100.000,00",
268,269,13/07/2022,3,7,4,3,7,3,0,0,,"R$0,00",3,"R$14.542,49",95,"R$656,05",1232,"R$50,58",10341,"R$5,00","R$5.054.720,20","R$1.077.750,00","R$5.200.000,00",
269,270,15/07/2022,5,8,5,5,7,5,4,0,,"R$0,00",0,"R$0,00",63,"R$1.115,00",1362,"R$51,57",11455,"R$5,00","R$5.284.192,14","R$1.212.400,00","R$5.300.000,00",
270,271,18/07/2022,3,4,8,7,1,0,3,0,,"R$0,00",3,"R$19.819,18",83,"R$1.023,36",1388,"R$61,19",12968,"R$5,00","R$5.502.208,80","R$1.455.830,00","R$5.600.000,00",
271,272,20/07/2022,4,1,8,3,5,5,0,0,,"R$0,00",3,"R$20.748,38",85,"R$1.046,13",1534,"R$57,96",14259,"R$5,00","R$5.730.449,02","R$1.531.962,50","R$5.900.000,00",
272,273,22/07/2022,0,8,4,9,9,6,5,0,,"R$0,00",5,"R$14.331,68",152,"R$673,48",1957,"R$52,30",16270,"R$5,00","R$5.993.209,13","R$1.761.962,50","R$6.200.000,00",
273,274,25/07/2022,6,1,6,9,8,6,3,0,,"R$0,00",1,"R$81.346,25",102,"R$1.139,30",1741,"R$66,74",16641,"R$5,00","R$6.291.489,15","R$1.979.080,00","R$6.500.000,00",
274,275,27/07/2022,7,1,2,8,8,6,1,1,RIO DE JANEIRO/RJ,"R$6.623.773,04",3,"R$30.206,91",139,"R$931,35",2277,"R$56,85",20703,"R$5,00","R$0,00","R$2.229.687,50","R$100.000,00",
275,276,29/07/2022,7,0,6,0,3,4,2,0,,"R$0,00",2,"R$11.017,65",28,"R$1.124,25",434,"R$72,53",4256,"R$5,00","R$80.796,81","R$533.195,00","R$150.000,00",
276,277,01/08/2022,9,6,2,1,6,9,8,0,,"R$0,00",1,"R$22.777,88",28,"R$1.162,13",492,"R$66,13",4827,"R$5,00","R$164.318,54","R$556.095,00","R$250.000,00",
277,278,03/08/2022,7,7,4,2,9,9,4,0,,"R$0,00",2,"R$10.456,16",31,"R$963,70",549,"R$54,41",4490,"R$5,00","R$240.999,64","R$511.222,50","R$300.000,00",
278,279,05/08/2022,5,2,6,8,1,2,0,0,,"R$0,00",1,"R$21.103,57",36,"R$837,44",492,"R$61,27",4484,"R$5,00","R$318.381,67","R$515.355,00","R$400.000,00",
279,280,08/08/2022,2,6,0,8,2,3,4,0,,"R$0,00",3,"R$7.049,69",32,"R$944,15",526,"R$57,43",4882,"R$5,00","R$395.931,68","R$520.945,00","R$500.000,00",
280,281,10/08/2022,2,0,0,6,6,0,3,1,SAO PAULO/SP,"R$470.368,92",2,"R$10.150,31",33,"R$878,81",510,"R$56,86",4742,"R$5,00","R$0,00","R$500.690,00","R$100.000,00",
281,282,12/08/2022,8,7,4,1,6,6,1,0,,"R$0,00",1,"R$17.887,77",28,"R$912,64",397,"R$64,36",3801,"R$5,00","R$65.590,66","R$436.827,50","R$150.000,00",
282,283,15/08/2022,9,6,0,6,8,2,0,0,,"R$0,00",1,"R$18.085,76",18,"R$1.435,37",398,"R$64,91",3705,"R$5,00","R$131.907,05","R$440.070,00","R$200.000,00",
283,284,17/08/2022,2,6,9,5,0,9,9,0,,"R$0,00",0,"R$0,00",34,"R$716,80",409,"R$59,58",3903,"R$5,00","R$211.522,57","R$419.817,50","R$250.000,00",
284,285,19/08/2022,6,6,7,2,9,3,4,0,,"R$0,00",3,"R$6.182,28",33,"R$802,89",435,"R$60,90",3940,"R$5,00","R$279.530,47","R$452.910,00","R$350.000,00",
285,286,22/08/2022,6,1,5,9,3,4,1,0,,"R$0,00",6,"R$3.198,63",30,"R$913,89",439,"R$62,45",4037,"R$5,00","R$349.901,19","R$468.197,50","R$400.000,00",
286,287,24/08/2022,5,5,4,7,0,2,5,0,,"R$0,00",0,"R$0,00",25,"R$1.011,16",400,"R$63,19",4111,"R$5,00","R$432.481,49","R$436.175,00","R$500.000,00",
287,288,26/08/2022,0,7,7,1,9,9,6,0,,"R$0,00",0,"R$0,00",38,"R$686,12",540,"R$48,28",4620,"R$5,00","R$517.653,78","R$454.252,50","R$600.000,00",
288,289,29/08/2022,7,9,2,1,2,7,1,0,,"R$0,00",0,"R$0,00",37,"R$1.019,78",585,"R$64,49",5741,"R$5,00","R$640.915,95","R$646.487,50","R$700.000,00",
289,290,31/08/2022,2,5,2,4,0,0,9,0,,"R$0,00",1,"R$22.792,52",45,"R$723,57",662,"R$49,18",5481,"R$5,00","R$724.491,13","R$563.960,00","R$800.000,00",
290,291,02/09/2022,1,9,1,3,1,8,6,0,,"R$0,00",2,"R$13.018,57",65,"R$572,24",835,"R$44,54",6620,"R$5,00","R$819.964,36","R$648.380,00","R$900.000,00",
291,292,05/09/2022,6,8,9,1,5,2,3,0,,"R$0,00",2,"R$13.784,92",41,"R$960,62",666,"R$59,13",5937,"R$5,00","R$921.057,24","R$674.175,00","R$1.000.000,00",
292,293,09/09/2022,4,5,9,9,5,2,1,0,,"R$0,00",1,"R$29.439,85",39,"R$1.078,38",673,"R$62,49",6233,"R$5,00","R$1.029.004,25","R$718.672,50","R$1.100.000,00",
293,294,12/09/2022,3,7,4,7,6,7,5,0,,"R$0,00",4,"R$6.699,52",45,"R$850,73",765,"R$50,04",6744,"R$5,00","R$1.127.265,56","R$666.527,50","R$1.200.000,00",
294,295,14/09/2022,5,9,6,0,8,6,3,0,,"R$0,00",3,"R$9.000,70",33,"R$1.168,92",577,"R$66,85",5396,"R$5,00","R$1.226.274,79","R$655.462,50","R$1.300.000,00",
295,296,16/09/2022,0,0,5,5,0,9,2,0,,"R$0,00",2,"R$12.479,95",58,"R$614,77",610,"R$58,45",5244,"R$5,00","R$1.317.796,34","R$608.842,50","R$1.400.000,00",
296,297,19/09/2022,7,3,7,0,0,6,7,0,,"R$0,00",1,"R$27.901,17",37,"R$1.077,26",624,"R$63,87",6076,"R$5,00","R$1.420.103,52","R$683.057,50","R$1.500.000,00",
297,298,21/09/2022,5,9,1,1,7,9,1,0,,"R$0,00",3,"R$8.620,09",40,"R$923,58",613,"R$60,26",5540,"R$5,00","R$1.514.927,23","R$632.037,50","R$1.600.000,00",
298,299,23/09/2022,0,8,5,2,0,5,6,0,,"R$0,00",1,"R$25.331,72",34,"R$1.064,35",591,"R$61,23",5507,"R$5,00","R$1.607.811,28","R$620.045,00","R$1.700.000,00",
299,300,26/09/2022,5,1,3,1,3,8,0,0,,"R$0,00",0,"R$0,00",46,"R$826,72",622,"R$61,14",5971,"R$5,00","R$1.732.041,85","R$653.715,00","R$1.800.000,00",
300,301,28/09/2022,0,4,2,0,8,9,8,0,,"R$0,00",0,"R$0,00",48,"R$816,02",697,"R$56,19",6105,"R$5,00","R$1.859.999,10","R$672.790,00","R$1.900.000,00",
301,302,30/09/2022,4,8,7,6,0,8,4,0,,"R$0,00",2,"R$13.749,40",39,"R$1.007,28",568,"R$69,16",5429,"R$5,00","R$1.960.828,86","R$666.755,00","R$2.100.000,00",
302,303,03/10/2022,2,6,7,8,1,9,5,0,,"R$0,00",5,"R$5.633,58",61,"R$659,66",833,"R$48,30",6746,"R$5,00","R$2.064.115,71","R$696.645,00","R$2.200.000,00",
303,304,05/10/2022,3,7,9,1,2,6,1,0,,"R$0,00",0,"R$0,00",43,"R$900,85",747,"R$51,85",6241,"R$5,00","R$2.190.658,58","R$667.702,50","R$2.300.000,00",
304,305,07/10/2022,5,7,3,4,9,2,0,0,,"R$0,00",2,"R$16.839,24",61,"R$788,72",879,"R$54,73",7616,"R$5,00","R$2.314.149,61","R$827.745,00","R$2.400.000,00",
305,306,10/10/2022,2,0,8,4,3,9,8,0,,"R$0,00",2,"R$16.750,25",45,"R$1.063,50",848,"R$56,43",7551,"R$5,00","R$2.436.988,66","R$823.085,00","R$2.500.000,00",
306,307,14/10/2022,9,8,2,4,0,7,2,0,,"R$0,00",1,"R$35.651,87",41,"R$1.242,22",801,"R$63,58",7367,"R$5,00","R$2.567.714,91","R$868.227,50","R$2.600.000,00",
307,308,17/10/2022,3,5,1,7,6,6,3,0,,"R$0,00",3,"R$9.280,11",56,"R$710,21",695,"R$57,22",6664,"R$5,00","R$2.669.798,92","R$688.502,50","R$2.750.000,00",
308,309,19/10/2022,6,6,3,0,7,9,4,0,,"R$0,00",0,"R$0,00",51,"R$921,07",746,"R$62,96",7103,"R$5,00","R$2.823.253,96","R$804.335,00","R$2.900.000,00",
309,310,21/10/2022,6,4,1,7,6,4,2,0,,"R$0,00",3,"R$10.687,20",67,"R$683,61",823,"R$55,65",7119,"R$5,00","R$2.940.814,99","R$786.490,00","R$3.100.000,00",
310,311,24/10/2022,7,8,0,9,0,1,5,0,,"R$0,00",0,"R$0,00",44,"R$1.132,85",822,"R$60,63",7444,"R$5,00","R$3.103.648,80","R$852.417,50","R$3.300.000,00",
311,312,26/10/2022,7,3,7,4,0,6,6,0,,"R$0,00",1,"R$31.496,08",70,"R$642,77",721,"R$62,40",6745,"R$5,00","R$3.219.137,60","R$769.752,50","R$3.400.000,00",
312,313,28/10/2022,7,0,7,7,5,4,3,0,,"R$0,00",3,"R$10.536,06",62,"R$728,29",926,"R$48,76",7004,"R$5,00","R$3.335.036,60","R$775.202,50","R$3.400.000,00",
313,314,31/10/2022,6,8,7,9,3,6,6,0,,"R$0,00",3,"R$13.063,26",65,"R$861,31",913,"R$61,32",8461,"R$5,00","R$3.478.732,93","R$958.572,50","R$3.600.000,00",
314,315,04/11/2022,9,7,7,1,3,8,1,0,,"R$0,00",1,"R$44.874,32",68,"R$942,73",1088,"R$58,92",10075,"R$5,00","R$3.643.273,34","R$1.102.075,00","R$3.700.000,00",
315,316,07/11/2022,8,3,0,2,5,1,2,0,,"R$0,00",3,"R$12.908,59",65,"R$851,11",1011,"R$54,72",8746,"R$5,00","R$3.785.268,49","R$951.665,00","R$3.900.000,00",
316,317,09/11/2022,7,3,8,5,2,1,7,0,,"R$0,00",3,"R$11.402,59",58,"R$842,55",812,"R$60,18",7583,"R$5,00","R$3.910.698,66","R$838.992,50","R$4.000.000,00",
317,318,11/11/2022,6,1,0,3,3,9,9,0,,"R$0,00",2,"R$25.554,60",96,"R$760,55",1286,"R$56,77",11998,"R$5,00","R$4.098.104,14","R$1.261.232,50","R$4.200.000,00",
318,319,14/11/2022,0,4,3,2,2,6,4,0,,"R$0,00",0,"R$0,00",91,"R$788,04",1298,"R$55,24",11389,"R$5,00","R$4.332.371,42","R$1.234.200,00","R$4.500.000,00",
319,320,16/11/2022,2,6,5,1,1,7,9,0,,"R$0,00",3,"R$12.312,68",84,"R$628,19",1269,"R$41,58",9931,"R$5,00","R$4.467.813,94","R$926.057,50","R$4.600.000,00",
320,321,18/11/2022,6,8,2,6,6,3,5,0,,"R$0,00",2,"R$21.747,81",78,"R$796,62",941,"R$66,03",9286,"R$5,00","R$4.627.299,68","R$1.062.685,00","R$4.700.000,00",
321,322,21/11/2022,0,2,8,6,2,3,5,0,,"R$0,00",7,"R$6.890,78",93,"R$740,94",1147,"R$60,07",10523,"R$5,00","R$4.804.168,57","R$1.181.085,00","R$4.900.000,00",
322,323,23/11/2022,3,4,2,1,9,5,6,0,,"R$0,00",2,"R$19.401,04",118,"R$469,75",1293,"R$42,87",10637,"R$5,00","R$4.946.444,02","R$975.152,50","R$5.000.000,00",
323,324,25/11/2022,5,9,1,1,8,7,8,0,,"R$0,00",2,"R$20.038,87",61,"R$938,58",952,"R$60,14",8976,"R$5,00","R$5.093.396,50","R$984.020,00","R$5.150.000,00",
324,325,28/11/2022,1,3,6,2,4,9,9,0,,"R$0,00",2,"R$19.574,58",93,"R$601,36",1197,"R$46,72",10425,"R$5,00","R$5.236.946,52","R$980.332,50","R$5.400.000,00",
325,326,30/11/2022,3,3,2,5,7,3,7,0,,"R$0,00",4,"R$9.102,59",67,"R$776,34",1019,"R$51,04",9284,"R$5,00","R$5.370.454,88","R$907.002,50","R$5.500.000,00",
326,327,02/12/2022,3,9,6,7,6,0,8,0,,"R$0,00",1,"R$45.213,84",73,"R$884,81",1041,"R$62,04",9735,"R$5,00","R$5.536.244,31","R$1.105.612,50","R$5.700.000,00",
327,328,05/12/2022,9,1,1,5,3,8,1,0,,"R$0,00",5,"R$9.080,33",73,"R$888,48",1080,"R$60,05",9917,"R$5,00","R$5.702.721,15","R$1.111.837,50","R$5.800.000,00",
328,329,07/12/2022,7,6,8,0,8,5,9,0,,"R$0,00",3,"R$15.163,70",62,"R$1.048,18",1119,"R$58,07",9516,"R$5,00","R$5.869.526,74","R$1.109.177,50","R$6.000.000,00",
329,330,09/12/2022,8,3,1,2,8,9,0,0,,"R$0,00",2,"R$21.091,12",83,"R$726,02",1046,"R$57,61",9121,"R$5,00","R$6.024.195,61","R$1.031.927,50","R$6.100.000,00",
330,331,12/12/2022,1,1,3,6,4,8,3,0,,"R$0,00",9,"R$5.899,95",106,"R$715,62",1444,"R$52,53",13192,"R$5,00","R$6.218.896,41","R$1.318.730,00","R$6.300.000,00",
331,332,14/12/2022,1,5,0,3,6,3,2,0,,"R$0,00",5,"R$8.646,08",98,"R$630,18",1214,"R$50,87",10550,"R$5,00","R$6.377.409,05","R$1.071.437,50","R$6.500.000,00",
332,333,16/12/2022,0,1,1,7,9,3,9,0,,"R$0,00",3,"R$15.027,09",96,"R$670,85",1382,"R$46,60",11697,"R$5,00","R$6.542.707,71","R$1.125.330,00","R$6.700.000,00",
333,334,19/12/2022,4,5,0,7,0,7,6,0,,"R$0,00",1,"R$49.945,82",54,"R$1.321,31",964,"R$74,01",10216,"R$5,00","R$6.725.846,59","R$1.215.120,00","R$6.800.000,00",
334,335,21/12/2022,7,3,1,2,5,4,6,0,,"R$0,00",3,"R$19.317,10",100,"R$827,87",1527,"R$54,21",13497,"R$5,00","R$6.938.341,33","R$1.428.840,00","R$7.100.000,00",
335,336,23/12/2022,4,6,4,5,1,4,0,0,,"R$0,00",1,"R$58.119,13",90,"R$922,52",1391,"R$59,68",12878,"R$5,00","R$7.151.453,87","R$1.425.387,50","R$7.300.000,00",
336,337,26/12/2022,9,5,4,7,9,7,1,0,,"R$0,00",1,"R$56.546,89",89,"R$907,65",1307,"R$61,80",11844,"R$5,00","R$7.358.798,84","R$1.378.920,00","R$7.500.000,00",
337,338,28/12/2022,5,4,9,2,9,9,6,0,,"R$0,00",4,"R$13.048,56",63,"R$1.183,54",1089,"R$68,46",10816,"R$5,00","R$7.550.185,13","R$1.271.437,50","R$7.700.000,00",
338,339,30/12/2022,4,3,0,5,9,9,1,0,,"R$0,00",8,"R$7.100,20",93,"R$872,52",1446,"R$56,11",12767,"R$5,00","R$7.758.465,51","R$1.395.162,50","R$8.000.000,00",
339,340,02/01/2023,3,9,6,3,8,3,1,0,,"R$0,00",6,"R$12.668,31",145,"R$748,86",1917,"R$56,64",16961,"R$5,00","R$8.037.173,50","R$1.865.532,50","R$8.300.000,00",
340,341,04/01/2023,2,6,1,1,7,1,0,0,,"R$0,00",4,"R$21.263,21",160,"R$759,40",2270,"R$53,52",20932,"R$5,00","R$8.349.043,60","R$2.110.005,00","R$8.600.000,00",
341,342,06/01/2023,8,0,1,3,7,1,8,1,GOIANIA/GO,"R$8.601.548,48",10,"R$6.886,49",111,"R$886,29",1525,"R$64,51",14701,"R$5,00","R$0,00","R$1.682.492,50","R$100.000,00",
342,343,09/01/2023,7,7,0,9,8,6,0,0,,"R$0,00",1,"R$22.934,24",29,"R$1.129,76",520,"R$63,00",4910,"R$5,00","R$84.094,57","R$560.487,50","R$200.000,00",
343,344,11/01/2023,7,2,4,4,7,4,3,0,,"R$0,00",0,"R$0,00",25,"R$1.185,70",444,"R$66,76",4761,"R$5,00","R$180.928,51","R$510.780,00","R$300.000,00",
344,345,13/01/2023,1,6,4,4,6,3,7,0,,"R$0,00",2,"R$10.501,90",41,"R$731,83",641,"R$46,81",5727,"R$5,00","R$257.942,92","R$527.500,00","R$350.000,00",
345,346,16/01/2023,3,0,9,5,6,5,3,0,,"R$0,00",1,"R$21.921,13",25,"R$1.252,63",504,"R$62,13",4558,"R$5,00","R$338.322,18","R$534.170,00","R$400.000,00",
346,347,18/01/2023,9,5,2,6,2,0,0,0,,"R$0,00",0,"R$0,00",27,"R$1.059,58",524,"R$54,59",4532,"R$5,00","R$431.780,74","R$492.240,00","R$500.000,00",
347,348,20/01/2023,0,0,3,5,8,1,9,0,,"R$0,00",2,"R$10.018,78",58,"R$493,53",608,"R$47,08",4849,"R$5,00","R$505.252,33","R$496.145,00","R$600.000,00",
348,349,23/01/2023,6,0,5,1,3,6,6,0,,"R$0,00",2,"R$10.674,00",30,"R$1.016,57",500,"R$60,99",4722,"R$5,00","R$583.529,84","R$523.470,00","R$700.000,00",
349,350,25/01/2023,7,3,1,6,5,3,3,0,,"R$0,00",4,"R$4.836,51",32,"R$863,66",544,"R$50,80",4831,"R$5,00","R$654.466,77","R$480.745,00","R$750.000,00",
350,351,27/01/2023,9,9,1,4,6,6,5,0,,"R$0,00",0,"R$0,00",40,"R$803,11",520,"R$61,77",4752,"R$5,00","R$759.409,66","R$548.842,50","R$800.000,00",
351,352,30/01/2023,3,9,9,9,1,4,8,0,,"R$0,00",1,"R$24.247,65",27,"R$1.282,94",517,"R$67,00",5130,"R$5,00","R$848.318,14","R$591.880,00","R$1.000.000,00",
352,353,01/02/2023,0,1,1,2,7,6,1,0,,"R$0,00",1,"R$22.579,88",58,"R$556,15",675,"R$47,78",5940,"R$5,00","R$931.115,08","R$564.582,50","R$1.100.000,00",
353,354,03/02/2023,7,2,1,2,6,5,1,0,,"R$0,00",5,"R$4.805,38",43,"R$798,23",663,"R$51,77",5702,"R$5,00","R$1.019.214,29","R$593.627,50","R$1.150.000,00",
354,355,06/02/2023,0,1,5,9,2,7,2,0,,"R$0,00",3,"R$9.034,06",54,"R$716,98",717,"R$53,99",6323,"R$5,00","R$1.118.593,77","R$668.352,50","R$1.250.000,00",
355,356,08/02/2023,7,7,7,3,2,1,9,0,,"R$0,00",3,"R$8.276,08",54,"R$656,83",665,"R$53,33",5956,"R$5,00","R$1.209.633,85","R$614.162,50","R$1.300.000,00",
356,357,10/02/2023,9,8,9,7,8,6,6,0,,"R$0,00",1,"R$26.752,06",59,"R$647,74",610,"R$62,65",5457,"R$5,00","R$1.307.725,65","R$650.672,50","R$1.400.000,00",
357,358,13/02/2023,8,4,8,1,3,0,9,0,,"R$0,00",3,"R$9.450,24",36,"R$1.125,02",657,"R$61,64",5806,"R$5,00","R$1.411.681,07","R$689.820,00","R$1.500.000,00",
358,359,15/02/2023,8,8,7,9,6,2,7,0,,"R$0,00",1,"R$25.629,17",39,"R$938,79",656,"R$55,81",5230,"R$5,00","R$1.505.656,16","R$623.385,00","R$1.600.000,00",
359,360,17/02/2023,9,8,5,2,9,6,3,0,,"R$0,00",4,"R$7.227,55",39,"R$1.058,98",706,"R$58,49",6653,"R$5,00","R$1.611.664,56","R$711.880,00","R$1.700.000,00",
360,361,22/02/2023,9,3,2,0,4,6,5,0,,"R$0,00",2,"R$15.596,80",44,"R$1.012,77",691,"R$64,48",6716,"R$5,00","R$1.726.045,98","R$762.772,50","R$1.800.000,00",
361,362,24/02/2023,0,7,5,9,3,1,5,0,,"R$0,00",0,"R$0,00",51,"R$835,70",736,"R$57,90",6442,"R$5,00","R$1.865.280,09","R$729.760,00","R$2.000.000,00",
362,363,27/02/2023,5,7,8,9,5,1,9,0,,"R$0,00",2,"R$17.103,31",51,"R$958,16",867,"R$56,36",7738,"R$5,00","R$1.990.706,39","R$840.755,00","R$2.100.000,00",
363,364,01/03/2023,5,1,2,7,0,5,9,0,,"R$0,00",0,"R$0,00",42,"R$993,70",800,"R$52,16",6884,"R$5,00","R$2.127.048,28","R$721.240,00","R$2.200.000,00",
364,365,03/03/2023,9,9,8,5,3,8,3,0,,"R$0,00",2,"R$15.828,54",44,"R$1.027,82",740,"R$61,11",6954,"R$5,00","R$2.243.126,55","R$775.700,00","R$2.300.000,00",
365,366,06/03/2023,9,9,0,9,0,8,6,0,,"R$0,00",0,"R$0,00",40,"R$1.192,87",660,"R$72,29",6708,"R$5,00","R$2.398.998,98","R$811.167,50","R$2.500.000,00",
366,367,08/03/2023,2,3,1,9,5,9,3,0,,"R$0,00",2,"R$16.548,02",63,"R$750,47",1015,"R$46,58",8425,"R$5,00","R$2.520.352,41","R$824.280,00","R$2.600.000,00",
367,368,10/03/2023,4,7,3,7,2,6,1,0,,"R$0,00",2,"R$18.385,53",72,"R$729,58",969,"R$54,21",8325,"R$5,00","R$2.655.180,22","R$903.865,00","R$2.800.000,00",
368,369,14/03/2023,2,7,0,6,2,5,2,0,,"R$0,00",0,"R$0,00",50,"R$986,71",915,"R$53,91",8222,"R$5,00","R$2.816.350,28","R$853.555,00","R$3.000.000,00",
369,370,15/03/2023,0,6,9,2,2,7,0,0,,"R$0,00",4,"R$10.092,35",67,"R$860,75",913,"R$63,16",8598,"R$5,00","R$2.964.375,36","R$986.067,50","R$3.100.000,00",
370,371,17/03/2023,1,3,9,3,3,1,4,0,,"R$0,00",1,"R$37.851,17",66,"R$819,28",1033,"R$52,34",9215,"R$5,00","R$3.103.167,53","R$937.860,00","R$3.200.000,00",
371,372,20/03/2023,0,7,4,9,9,4,7,0,,"R$0,00",4,"R$9.022,96",61,"R$845,24",915,"R$56,34",8375,"R$5,00","R$3.235.510,52","R$889.520,00","R$3.300.000,00",
372,373,22/03/2023,6,2,6,1,6,2,3,0,,"R$0,00",0,"R$0,00",47,"R$940,94",713,"R$62,02",6726,"R$5,00","R$3.379.980,96","R$757.695,00","R$3.400.000,00",
373,374,24/03/2023,6,7,4,1,7,5,9,0,,"R$0,00",3,"R$10.610,07",49,"R$927,99",848,"R$53,62",7183,"R$5,00","R$3.496.693,26","R$782.145,00","R$3.600.000,00",
374,375,27/03/2023,7,1,7,5,3,6,6,0,,"R$0,00",3,"R$14.212,80",59,"R$1.032,40",1096,"R$55,57",9741,"R$5,00","R$3.653.039,35","R$1.049.100,00","R$3.800.000,00",
375,376,29/03/2023,3,9,4,9,8,0,6,0,,"R$0,00",1,"R$36.651,85",43,"R$1.217,66",845,"R$61,96",7788,"R$5,00","R$3.787.432,28","R$895.052,50","R$3.900.000,00",
376,377,31/03/2023,2,5,3,6,5,2,9,0,,"R$0,00",4,"R$11.808,28",87,"R$775,58",1451,"R$46,50",12072,"R$5,00","R$3.960.623,72","R$1.176.930,00","R$4.000.000,00",
377,378,03/04/2023,4,4,1,2,7,6,2,0,,"R$0,00",3,"R$15.086,77",71,"R$910,67",1049,"R$61,63",10212,"R$5,00","R$4.126.583,58","R$1.112.135,00","R$4.200.000,00",
378,379,05/04/2023,0,4,9,3,4,1,9,0,,"R$0,00",1,"R$42.801,03",66,"R$926,42",975,"R$62,71",9853,"R$5,00","R$4.283.522,56","R$1.053.965,00","R$4.400.000,00",
379,380,10/04/2023,0,2,3,7,5,8,0,0,,"R$0,00",4,"R$12.758,79",117,"R$623,13",1535,"R$47,49",12954,"R$5,00","R$4.470.659,48","R$1.270.632,50","R$4.600.000,00",
380,381,12/04/2023,5,4,1,3,3,2,4,0,,"R$0,00",3,"R$20.659,99",110,"R$804,93",1538,"R$57,57",14044,"R$5,00","R$4.697.919,90","R$1.523.657,50","R$4.900.000,00",
381,382,14/04/2023,2,3,9,1,7,6,3,0,,"R$0,00",7,"R$7.669,56",109,"R$703,62",1544,"R$49,67",13420,"R$5,00","R$4.894.776,17","R$1.334.265,00","R$5.100.000,00",
382,383,17/04/2023,0,7,4,7,5,7,8,0,,"R$0,00",5,"R$10.640,49",86,"R$883,76",1494,"R$50,87",13346,"R$5,00","R$5.089.854,35","R$1.322.767,50","R$5.200.000,00",
383,384,19/04/2023,8,9,5,8,0,1,9,0,,"R$0,00",3,"R$17.030,37",95,"R$768,28",1381,"R$52,85",11462,"R$5,00","R$5.277.189,85","R$1.254.652,50","R$5.400.000,00",
384,385,24/04/2023,0,1,3,9,9,3,7,0,,"R$0,00",4,"R$15.991,08",145,"R$630,19",1869,"R$48,89",15742,"R$5,00","R$5.511.727,29","R$1.586.837,50","R$5.600.000,00",
385,386,26/04/2023,4,3,9,7,0,6,0,0,,"R$0,00",1,"R$47.046,84",59,"R$1.139,14",999,"R$67,27",9660,"R$5,00","R$5.684.237,62","R$1.145.017,50","R$5.800.000,00",
386,387,28/04/2023,7,5,9,8,5,7,8,0,,"R$0,00",2,"R$23.572,95",82,"R$821,35",1178,"R$57,17",10536,"R$5,00","R$5.857.109,79","R$1.157.297,50","R$6.000.000,00",
387,388,03/05/2023,5,9,2,1,5,3,3,0,,"R$0,00",3,"R$19.672,67",87,"R$969,09",1321,"R$63,82",12964,"R$5,00","R$6.073.513,24","R$1.446.127,50","R$6.200.000,00",
388,389,05/05/2023,6,0,3,6,3,0,1,0,,"R$0,00",1,"R$48.921,95",82,"R$852,29",1084,"R$64,47",9914,"R$5,00","R$6.252.896,30","R$1.189.142,50","R$6.400.000,00",
389,390,08/05/2023,5,2,8,8,4,3,4,0,,"R$0,00",4,"R$15.805,89",64,"R$1.411,23",1377,"R$65,59",13025,"R$5,00","R$6.484.717,80","R$1.539.225,00","R$6.600.000,00",
390,391,10/05/2023,8,3,6,5,2,0,6,0,,"R$0,00",4,"R$12.922,38",90,"R$820,46",1172,"R$63,00",11371,"R$5,00","R$6.674.250,89","R$1.266.750,00","R$6.800.000,00",
391,392,12/05/2023,1,5,8,0,3,7,9,0,,"R$0,00",2,"R$24.188,99",116,"R$595,78",1450,"R$47,66",11676,"R$5,00","R$6.851.640,60","R$1.197.515,00","R$7.000.000,00",
392,393,15/05/2023,1,5,5,1,7,7,8,0,,"R$0,00",3,"R$17.999,56",115,"R$670,79",1690,"R$45,64",14496,"R$5,00","R$7.049.642,37","R$1.353.525,00","R$7.200.000,00",
393,394,17/05/2023,7,6,9,6,1,3,1,0,,"R$0,00",2,"R$25.695,02",91,"R$806,75",1154,"R$63,61",10528,"R$5,00","R$7.238.078,50","R$1.250.447,50","R$7.400.000,00",
394,395,19/05/2023,3,6,4,1,2,8,5,0,,"R$0,00",4,"R$17.857,05",168,"R$607,38",2049,"R$49,80",16654,"R$5,00","R$7.499.982,38","R$1.761.335,00","R$7.700.000,00",
395,396,22/05/2023,6,5,0,7,8,0,2,0,,"R$0,00",3,"R$25.005,31",131,"R$818,05",1843,"R$58,14",16165,"R$5,00","R$7.775.050,95","R$1.834.515,00","R$8.000.000,00",
396,397,24/05/2023,6,0,1,8,0,7,5,0,,"R$0,00",1,"R$55.713,28",79,"R$1.007,47",1341,"R$59,35",11959,"R$5,00","R$7.979.334,64","R$1.361.932,50","R$8.200.000,00",
397,398,26/05/2023,3,5,4,7,3,8,5,0,,"R$0,00",1,"R$69.302,24",143,"R$692,33",2124,"R$46,61",16489,"R$5,00","R$8.233.445,32","R$1.712.725,00","R$8.400.000,00",
398,399,29/05/2023,2,5,2,6,6,4,8,0,,"R$0,00",2,"R$34.338,60",137,"R$716,13",1953,"R$50,23",17248,"R$5,00","R$8.485.269,80","R$1.707.747,50","R$8.600.000,00",
399,400,31/05/2023,0,5,5,4,2,4,3,0,,"R$0,00",4,"R$14.986,16",124,"R$690,60",1501,"R$57,05",13601,"R$5,00","R$8.705.069,62","R$1.473.832,50","R$8.800.000,00",
400,401,02/06/2023,9,6,5,0,8,6,7,0,,"R$0,00",4,"R$15.947,28",99,"R$920,47",1414,"R$64,44",13499,"R$5,00","R$8.938.970,04","R$1.557.117,50","R$9.100.000,00",
401,402,05/06/2023,7,2,4,9,0,1,1,0,,"R$0,00",5,"R$13.190,55",119,"R$791,74",1570,"R$60,01",14056,"R$5,00","R$9.180.799,11","R$1.611.075,00","R$9.400.000,00",
402,403,07/06/2023,0,8,7,6,0,6,1,0,,"R$0,00",5,"R$18.323,97",169,"R$774,47",2319,"R$56,44",20269,"R$5,00","R$9.516.739,53","R$2.246.632,50","R$9.700.000,00",
403,404,09/06/2023,0,3,4,9,2,3,9,0,,"R$0,00",4,"R$17.779,68",129,"R$787,58",1933,"R$52,55",17700,"R$5,00","R$9.777.521,71","R$1.766.600,00","R$10.000.000,00",
404,405,12/06/2023,3,6,6,7,3,5,2,1,VILHENA/RO,"R$10.146.164,26",11,"R$9.139,58",189,"R$759,90",2750,"R$52,22",23003,"R$5,00","R$0,00","R$2.474.037,50","R$100.000,00",
405,406,14/06/2023,6,2,6,5,5,9,4,0,,"R$0,00",0,"R$0,00",34,"R$861,33",510,"R$57,42",4358,"R$5,00","R$95.666,86","R$500.637,50","R$200.000,00",
406,407,16/06/2023,3,6,8,3,9,2,7,0,,"R$0,00",3,"R$6.961,96",33,"R$904,15",469,"R$63,61",4639,"R$5,00","R$172.251,10","R$512.360,00","R$250.000,00",
407,408,19/06/2023,9,4,4,1,4,2,3,0,,"R$0,00",0,"R$0,00",25,"R$1.238,23",457,"R$67,73",4573,"R$5,00","R$273.375,62","R$528.805,00","R$350.000,00",
408,409,21/06/2023,1,5,5,2,0,1,7,0,,"R$0,00",4,"R$4.991,45",57,"R$500,39",637,"R$44,77",5067,"R$5,00","R$346.586,54","R$497.082,50","R$450.000,00",
409,410,23/06/2023,7,9,0,5,2,2,1,0,,"R$0,00",3,"R$6.682,79",34,"R$842,36",506,"R$56,60",4404,"R$5,00","R$420.098,10","R$491.250,00","R$500.000,00",
410,411,26/06/2023,9,5,5,2,5,2,0,0,,"R$0,00",0,"R$0,00",34,"R$852,27",466,"R$62,18",4515,"R$5,00","R$514.757,79","R$497.707,50","R$600.000,00",
411,412,28/06/2023,2,1,3,6,6,7,7,0,,"R$0,00",1,"R$19.796,41",45,"R$628,45",689,"R$41,04",5361,"R$5,00","R$587.347,66","R$496.752,50","R$650.000,00",
412,413,30/06/2023,9,2,3,6,8,6,8,0,,"R$0,00",2,"R$10.466,82",29,"R$1.031,21",526,"R$56,85",4980,"R$5,00","R$664.105,88","R$517.342,50","R$700.000,00",
413,414,03/07/2023,5,3,6,4,9,8,7,0,,"R$0,00",2,"R$12.014,15",44,"R$780,13",606,"R$56,64",5703,"R$5,00","R$752.211,55","R$593.670,00","R$800.000,00",
414,415,05/07/2023,9,3,4,0,2,7,3,0,,"R$0,00",1,"R$23.118,07",31,"R$1.065,34",548,"R$60,26",5170,"R$5,00","R$836.980,32","R$567.525,00","R$900.000,00",
415,416,07/07/2023,6,7,5,3,9,9,8,0,,"R$0,00",0,"R$0,00",44,"R$835,33",588,"R$62,50",5434,"R$5,00","R$957.048,96","R$627.915,00","R$1.000.000,00",
416,417,10/07/2023,0,2,2,1,1,2,9,0,,"R$0,00",2,"R$13.067,49",54,"R$691,40",738,"R$50,59",6731,"R$5,00","R$1.052.877,52","R$651.810,00","R$1.200.000,00",
417,418,12/07/2023,6,6,5,2,1,9,9,0,,"R$0,00",0,"R$0,00",36,"R$960,60",585,"R$59,11",5605,"R$5,00","R$1.165.846,92","R$596.472,50","R$1.300.000,00",
418,419,14/07/2023,7,3,2,1,6,3,1,0,,"R$0,00",5,"R$5.099,53",43,"R$847,09",602,"R$60,50",5826,"R$5,00","R$1.259.341,60","R$627.370,00","R$1.350.000,00",
419,420,17/07/2023,2,8,1,5,3,2,6,0,,"R$0,00",6,"R$4.375,33",89,"R$421,37",938,"R$39,98",6832,"R$5,00","R$1.355.600,57","R$655.545,00","R$1.400.000,00",
420,421,19/07/2023,7,8,0,0,6,9,6,0,,"R$0,00",0,"R$0,00",20,"R$1.597,60",421,"R$75,89",4304,"R$5,00","R$1.459.979,42","R$541.025,00","R$1.500.000,00",
421,422,21/07/2023,9,2,0,3,8,2,2,0,,"R$0,00",1,"R$24.237,08",30,"R$1.154,14",500,"R$69,24",5107,"R$5,00","R$1.548.851,92","R$591.382,50","R$1.600.000,00",
422,423,24/07/2023,7,3,4,0,3,7,3,0,,"R$0,00",2,"R$13.678,80",70,"R$558,31",670,"R$58,33",6206,"R$5,00","R$1.649.164,39","R$672.615,00","R$1.700.000,00",
423,424,26/07/2023,5,2,4,3,2,0,0,0,,"R$0,00",0,"R$0,00",45,"R$784,52",690,"R$51,16",5662,"R$5,00","R$1.764.492,87","R$608.232,50","R$1.900.000,00",
424,425,28/07/2023,9,7,5,8,4,1,8,0,,"R$0,00",1,"R$28.250,56",49,"R$823,63",717,"R$56,28",6170,"R$5,00","R$1.868.081,90","R$691.817,50","R$1.950.000,00",
425,426,31/07/2023,6,6,9,9,3,1,7,0,,"R$0,00",1,"R$30.412,62",41,"R$1.059,67",659,"R$65,92",6136,"R$5,00","R$1.979.598,65","R$738.925,00","R$2.100.000,00",
426,427,02/08/2023,4,4,3,4,4,2,2,0,,"R$0,00",3,"R$9.027,39",55,"R$703,43",653,"R$59,24",5589,"R$5,00","R$2.078.903,66","R$659.447,50","R$2.200.000,00",
427,428,04/08/2023,3,4,3,2,7,9,8,0,,"R$0,00",1,"R$30.403,72",55,"R$789,70",763,"R$56,92",6855,"R$5,00","R$2.190.387,00","R$747.022,50","R$2.300.000,00",
428,429,07/08/2023,5,7,4,0,5,0,9,0,,"R$0,00",3,"R$10.471,96",56,"R$801,42",751,"R$59,76",6569,"R$5,00","R$2.305.578,71","R$765.960,00","R$2.400.000,00",
429,430,09/08/2023,4,6,4,1,8,6,7,0,,"R$0,00",3,"R$9.173,73",38,"R$1.034,63",727,"R$54,07",6324,"R$5,00","R$2.406.494,77","R$677.570,00","R$2.500.000,00",
430,431,11/08/2023,3,0,7,8,6,1,3,0,,"R$0,00",1,"R$29.869,61",41,"R$1.040,75",646,"R$66,05",6051,"R$5,00","R$2.516.018,58","R$726.015,00","R$2.600.000,00",
431,432,14/08/2023,7,9,8,1,7,1,4,0,,"R$0,00",2,"R$15.672,14",40,"R$1.119,43",672,"R$66,63",6390,"R$5,00","R$2.630.949,28","R$762.322,50","R$2.700.000,00",
432,433,16/08/2023,8,4,9,8,8,7,6,0,,"R$0,00",1,"R$27.352,32",32,"R$1.221,08",683,"R$57,21",5537,"R$5,00","R$2.731.241,43","R$664.782,50","R$2.800.000,00",
